品牌: glico/格力高	系列: 百奇10口味10盒	热销系列: 组合系列	口味: 百奇10口味10盒 百奇巧克力味10盒 百奇双重巧克力味10盒 百奇牛奶味10盒 百奇草莓味10盒 百奇抹茶味10盒 百奇蜜桃味10盒 百奇蓝莓树莓味10盒	产地: 中国大陆	省份: 上海	是否为有机食品: 否	包装方式: 包装	是否进口: 国产	糕点种类: 夹心饼干
厂名：童城（福建）营养食品有限公司	厂址：龙海市海澄食品工业区	厂家联系方式：15910255236	保质期：360 天	食品添加剂：不含	品牌: 布拉粉	适用年龄: 3岁	产地: 中国大陆	口味: 草莓饼干 胡萝卜饼干	包装种类: 盒装
生产许可证编号：SC10831011201332	厂名：上海江崎格力高食品有限公司闵行第二分公司	厂址：上海市闵行区江川路街道绿春路280号	厂家联系方式：021-63260088	保质期：365 天	品牌: glico/格力高	系列: 心心小圆饼系列	口味: 心心小圆饼芝士海盐味15g*20袋 心心小圆饼牛奶海盐味15g*20袋 心心小圆饼芝士海盐味15g*10袋+牛奶海盐味15g*10袋 心心小圆饼芝士海盐味15g*40袋 心心小圆饼牛奶海盐味15g*40袋	产地: 中国大陆	省份: 上海
厂名：北木u株式会社	厂址：北海道北市|三1丁目96-46	厂家联系方式：0157-57-7881	配料表：白巧克力，小麦粉，白砂糖，鸡蛋清，人造奶油，起酥油，全脂牛奶等	储藏方法：常温	保质期：240 天	食品添加剂：无	品牌: PROAD	系列: PROAD草莓牛奶夹心饼干	口味: 草莓牛奶
厂名：脆饼干有限责任公司	厂址：俄罗斯	厂家联系方式：04566105667	配料表：高筋小麦粉、酸奶油、牛奶、白砂糖、麦淇淋、水、炼乳、鸡蛋粉	储藏方法：置于阴凉干燥处	保质期：365 天	食品添加剂：详见包装	品牌: 开心牛	系列: 拉丝饼	口味: 【2~3口味混合】混合口味150g×5 酸奶油口味150g 奶油巧克力味150g 奶酪味150g 奶油味150g 炼乳味150g 奶酪味150g×5 酸奶油口味150gx5 奶油巧克力味150gx5 奶油味150g×5 炼乳味150g×5
生产许可证编号：SC11335058100174	厂名：福建省石狮市天乐食品有限公司	厂址：福建省泉州市石狮市蚶江镇厝仔工业区20号	厂家联系方式：0595-83886886	配料表：小麦粉，白砂糖，食用植物油，食用盐等	储藏方法：处于阴凉干燥处	保质期：365 天	食品添加剂：详见包装	品牌: COCO FALL IN LOVE WITH	系列: 袋装马卡龙
厂名：Wan Thai Foods Industry Co. Ltd.	厂址：泰国	厂家联系方式：18819361672	保质期：540 天	品牌: 素玛哥（泰国）	系列: 蓝莓曲奇	热销系列: 其它	口味: 草莓果酱风味100g 蓝莓果酱风味100g	颜色分类: 曲奇	产地: 泰国
生产许可证编号：SC10832057100331	厂名：亿滋食品(苏州)有限公司湖西分公司	厂址：江苏省苏州工业园区白榆路51号	厂家联系方式：8008105536	保质期：270 天	品牌: 奥利奥	系列: 奥利奥97克116克	口味: 【季节限定款】樱花草莓味1盒+酸甜青梅味1盒 【季节限定款】酸甜青梅味97gX2盒【绿色饼干】 【季节限定款】樱花草莓味97gX2盒【粉色饼干】 【季节限定款】樱花草莓味2盒+酸甜青梅味2盒 【季节限定款】酸甜青梅味97gX4盒【绿色饼干】 【季节限定款】樱花草莓味97gX4盒【粉色饼干】 【季节限定款】酸甜青梅味388克X1盒【绿色饼干】 原味116gX3盒【黑色饼干】 巧克力味116gX3盒【黑色饼干】 草莓味116gX3盒【黑色饼干】 原味1盒+草莓味1盒+巧克力味1盒【黑色饼干】 【实惠4盒/116克】原味1+草莓味1+巧克力1+清甜味1 【实惠8盒/116克】原味2+草莓味2+巧克力2+清甜味2 生日蛋糕味97gX3盒【黑色饼干】 白桃乌龙味97gX3盒【黑色饼干】 香草味97gX3盒【黑色饼干】 双果（葡萄+蜜桃）味97gX3盒【黑色饼干】 【新口味】酸奶味97gX3盒【黑色饼干】 【薄款饼干】柠檬芝士味95gX3盒【黑色饼干】 【薄款饼干】提拉米苏味95gX3盒【黑色饼干】 【薄款饼干】草莓味95gX3盒【黑色饼干】 【薄款饼干】 香草味95gX3盒【黑色饼干】 【6盒混搭】2盒樱花味+2盒青梅味+2盒随机口味 【8盒混搭】2盒樱花味+2盒青梅味+4盒随机口味 【10盒混搭】2盒樱花味+2盒青梅味+6盒随机口味 【10盒不重样混搭】（95g/97g/116g/每盒）	产地: 中国大陆	省份: 江苏省
生产许可证编号：SC10844078300039	厂名：广东嘉士利食品集团有限公司	厂址：广东省江门市开平市长沙港口路18号	厂家联系方式：4006333876	配料表：详见包装	储藏方法：阴凉干燥处	保质期：365 天	食品添加剂：详见包装	品牌: 嘉士利	系列: 散装
生产许可证编号：SC10835068101790	厂名：龙海优麦嘉食品有限公司	厂址：龙海市海澄镇仓头村	厂家联系方式：0596-6735068	配料表：详见包装说明	储藏方法：置于阴凉干燥处，避免阳光直射	保质期：270 天	食品添加剂：详见包装说明	品牌: 欧贝拉	系列: .果酱夹心饼干.
生产许可证编号：SC10835068101118	厂名：菲塔（福建）食品有限公司	厂址：龙海市东园开发区（凤鸣村阳光539号）	厂家联系方式：0595-22007887	配料表：详见外包装说明	储藏方法：置于阴凉干燥处，避免阳光直射	保质期：270 天	食品添加剂：详见外包装说明	品牌: 欧贝拉	系列: 酱烧曲奇
生产许可证编号：SC11835068101790	厂名：龙海优麦嘉食品有限公司	厂址：福建省漳州市龙海区海澄镇仓头村蔡埭94号	厂家联系方式：0595-22007887	配料表：详情见包装	储藏方法：详情见包装	保质期：270 天	食品添加剂：详情见包装	品牌: 比比赞	系列: 果酱夹心饼干-
生产许可证编号：SC10835068102477	产品标准号：详情见包装	厂名：龙海市鸿祺食品有限公司	厂址：龙海市海澄工业区西小区	厂家联系方式：0592-5800750	配料表：详情见包装	储藏方法：详情见包装	保质期：300 天	食品添加剂：详情见包装	品牌: 其妙
生产许可证编号：SC11332057100228	厂名：亿滋食品（苏州）有限公司	厂址：江苏省苏州工业园区星龙街宋巷1号	厂家联系方式：8008105536	保质期：365 天	品牌: 奥利奥	系列: 夹心草莓味家庭装466g	产地: 中国大陆	省份: 江苏省	包装方式: 包装
生产许可证编号：SC10844011600425	产品标准号：GB/T 20980	厂名：广州必旺食品有限公司	厂址：广州经济技术开发区永和经济区新元路3号6栋	厂家联系方式：4008810118	配料表：见包装	储藏方法：阴凉干燥处避光保存	保质期：270 天	食品添加剂：见包装	品牌: BE＆CHEERY/百草味
生产许可证编号：SC10844078300039	产品标准号：GB/T 20980	厂名：广东嘉士利食品集团有限公司	厂址：广东省江门市开平市长沙港口路18号	厂家联系方式：0750-2290908	配料表：小麦粉,精炼植物油,马铃薯粉,白砂糖,青葱(含量≥3.14%),芝麻(含量≥1.33%),洋葱(含量≥1.18),食用盐	储藏方法：请置于阴凉干燥处	保质期：365 天	食品添加剂：碳酸氢钠,谷氨酸钠,焦亚硫酸钠	品牌: 嘉士利
厂名：United Biscuits (UK) Limited	厂址：Ashby-de-la-Zouch, LE65 2ZH	厂家联系方式：208 234 5000	配料表：请参照产品包装说明	储藏方法：置于阴凉干燥处保存	保质期：540 天	食品添加剂：以商品包装说明为准	品牌: GO AHEAD	系列: 草莓味	热销系列: 其它
生产许可证编号：SC12412011600165	产品标准号：GB/T20980	厂名：天津顶园食品有限公司	厂址：天津经济技术开发区洞庭路161号	厂家联系方式：4001785657	配料表：见包装	储藏方法：常温贮存	保质期：360 天	食品添加剂：见包装	品牌: 康师傅
生产许可证编号：SC10811310111839	厂名：亿滋食品（北京）有限公司	厂址：北京市北京经济技术开发区东区经海三路148号	厂家联系方式：4008185536	保质期：270 天	品牌: 奥利奥	系列: 奥利奥臻选系列	口味: 巧克力 草莓 抹茶	产地: 中国大陆	省份: 江苏省
生产许可证编号：SC10844030704911	厂名：深圳市优乐星座食品有限公司	厂址：深圳市龙岗区宝龙街道新社区兰二路47号D栋501、203	厂家联系方式：0755-84586970	保质期：90 天	品牌: 珍妮星座	系列: 珍妮星座冬雪款	口味: 双层大盒640g【顺丰包邮】	颜色分类: 彩虹曲奇640g【日期新鲜】特价款 四味曲奇640g【日期新鲜】特价款	产地: 中国大陆
生产许可证编号：SC10844078300039	厂名：广东嘉士利食品集团有限公司	厂址：广东省江门市开平市长沙港口路18号	厂家联系方式：400 633 3876	保质期：360 天	品牌: 嘉士利	系列: 嘉士利果香果酱	口味: 【680g彩盒装】多口味混搭约40包【亏本冲量 买2份再减3元】. 【1001g散装】多口味混搭约52包【亏本冲量 买2份再减3元】 【501g袋装】多口味混搭约26包【亏本冲量 买2份再减3元】 【680g彩盒装】经典蓝莓味【亏本冲量 买2份再减3元】 【680g彩盒装】草莓味【亏本冲量 买2份再减3元】 【680g彩盒装】凤梨味【亏本冲量 买2份再减3元】 【680g彩盒装】香橙味【亏本冲量 买2份再减3元】 【680g彩盒装】青柠味【亏本冲量 买2份再减3元】 【680g彩盒装】哈密瓜味【亏本冲量 买2份再减3元】 【501g袋装】蓝莓味【亏本冲量 买2份再减3元】 【501g袋装】草莓味【亏本冲量 买2份再减3元】 【501g袋装】凤梨味【亏本冲量 买2份再减3元】 【250g袋装】多口味混搭【亏本冲量 尝鲜推荐】. 【800g早餐饼】原味【如主图4 买2份减2元】 【680g彩盒装】多口味混搭约40包/80片【买2份减2元】 【680g彩盒装】经典蓝莓味【买2份减2元】 【680g彩盒装】草莓味【买2份减2元】 【680g彩盒装】凤梨味【买2份减2元】 【680g彩盒装】青柠味【买2份减2元】 【680g彩盒装】香橙味【买2份减2元】 【680g彩盒装】哈密瓜味【买2份减2元】 【1000g散装】1000g多口味混搭【买两份减2元】	产地: 中国大陆	省份: 广东省
生产许可证编号：SC10832057100331	厂名：亿滋食品(苏州)有限公司湖西分公司	厂址：江苏省苏州工业园区白榆路51号	厂家联系方式：800 810 5536	保质期：360 天	品牌: 奥利奥	系列: 春季限定-奥利奥樱花夹心饼干	口味: 【1大盒8袋】樱花草莓味388克X1盒（春季限定） 【1大盒8袋】酸甜青梅味388克X1盒（春季限定） 【2大盒16袋】樱花草莓味388克X2盒（春季限定） 【2大盒16袋】酸甜青梅味388克X2盒（春季限定） 【2大盒16袋】酸甜青梅味388克X1盒+樱花草莓味388克X1盒（春季限定） 【3小盒共6袋】樱花草莓味97克X3盒（春季限定） 【3小盒共6袋】酸甜青梅味97克X3盒（春季限定）	产地: 中国大陆	省份: 江苏省
生产许可证编号：SC10844520302915	厂名：广东汇巢食品实业有限公司	厂址：揭阳市揭东区锡场镇锡西村工业区38号	厂家联系方式：13433870892	储藏方法：放置于阴凉干燥处	保质期：365 天	品牌: 寻脆记	系列: 马卡龙	口味: 草莓味1袋（约65小包） 柠檬味1袋（约65小包） 奶油味1袋（约65小包） 奶油味【376g*2袋】 草莓味【376g*2袋】 柠檬味【376g*2袋】 草莓味【1袋】+柠檬味【1袋】 奶油味【1袋】+柠檬味【1袋】 草莓味【1袋】+奶油味【1袋】 草莓味*3大包 奶油味*3大包 柠檬味*3大包 草莓+柠檬+奶油【376g*3袋】	产地: 中国大陆
生产许可证编号：SC10811310111839	厂名：亿滋食品（北京）有限公司	厂址：北京市北京经济技术开发区东区经海三路148号	厂家联系方式：8008105536	配料表：无	储藏方法：常温储藏	保质期：270 天	食品添加剂：无	品牌: 奥利奥	系列: 散装
生产许可证编号：SC10844030702287	产品标准号：GB/T 20980	厂名：深圳市珍妮曲奇食品有限公司	厂址：深圳市龙岗区龙岗街道龙新社区兰二路47号3栋5楼、203室	厂家联系方式：0755-86719017	配料表：小麦粉、奶油（稀奶油、水、食用盐）、糖霜（白砂糖、玉米淀粉）、淀粉	储藏方法：置于阴凉干燥处，避免阳光直射	保质期：90 天	品牌: Dan Kane/登京	系列: 登京彩虹小花曲奇
生产许可证编号：SC10844078300039	产品标准号：GB/T 20980	厂名：广东嘉士利食品集团有限公司	厂址：广东省江门市开平市长沙港口路18号	厂家联系方式：400-633-3876	储藏方法：请置于阴凉干燥处	保质期：365 天	品牌: 嘉士利	系列: 果乐果香夹心饼干组合装1500g	热销系列: 组合系列
生产许可证编号：SC10843018108748	厂名：湖南省美丹食品有限公司	厂址：湖南省长沙市浏阳市浏阳经济技术开发区康万路1146号	厂家联系方式：0731-83288086	保质期：360 天	品牌: 欧格（食物）	系列: 果维鲜夹心饼干	口味: 【蓝莓味】450g 约46小包 【草莓味】450g 约46小包 【凤梨味】450g 约46小包	产地: 中国大陆	省份: 湖南省
生产许可证编号：SC10811310111839	厂名：亿滋食品（北京）有限公司	厂址：北京市北京经济技术开发区东区经海三路148号	厂家联系方式：4008185536	保质期：360 天	品牌: 奥利奥	系列: 奥利奥升级组合系列	口味: 【1盒粉色97g】樱花草莓味97g【内含2包】. 【2盒粉色97g】樱花草莓味97g*2【内含4包】. 【2盒97g】樱花草莓*1+酸甜青梅*1【内含4包】 【2盒97g】樱花草莓*1+白桃乌龙*1【内含4包】 【2盒97g】白桃乌龙*1+酸甜青梅*1【内含4包】 【2盒97g】酸甜青梅味97g【内含4包】. 【2盒97g】白桃乌龙味97g【内含4包】. 【4盒粉色97g】樱花草莓味97g【内含8包】 【4盒97g】樱花*2+青梅*1+白桃*1【内含8包】 【4盒97g】樱花草莓*2+酸甜青梅*2【内含8包】 【4盒97g】樱花草莓*2+白桃乌龙*2【内含8包】 【4盒97g】白桃乌龙*2+酸甜青梅*2【内含8包】 【4盒97g】酸甜青梅味97g【内含8包】 【4盒97g】白桃乌龙味97g【内含8包】 【1盒粉色388g】樱花草莓味388g【内含8包】. 【1盒388g】酸甜青梅味388g【内含8包】. 【1盒388g】白桃乌龙味388g【内含8包】. 【2盒粉色388g】樱花草莓味388g【内含16包】 【2盒388g】樱花草莓味*1+酸甜青梅*1【内含16包】 【2盒388g】樱花草莓味*1+白桃乌龙*1【内含16包】 【2盒388g】酸甜青梅味388g【内含16包】 【2盒388g】白桃乌龙味388g【内含16包】 【3盒388g】樱花*1+青梅*1+白桃*1【内含24包】	产地: 中国大陆	省份: 江苏省
生产许可证编号：SC10832057100331	厂名：亿滋食品(苏州)有限公司湖西分公司	厂址：江苏省苏州工业园区白榆路51号	厂家联系方式：8008105536	配料表：见包装	储藏方法：置于阴凉干燥处、避免太阳光直射	保质期：270 天	食品添加剂：见包装	品牌: 奥利奥	系列: 奥利奥1000g
厂名：United Biscuits (UK) Limited	厂址：Ashby-de-la-Zouch, LE65 2ZH,Great	厂家联系方式：044 208 234 5000	配料表：详见包装	储藏方法：请置于阴凉干燥处	保质期：540 天	品牌: Mcvities/麦维他	系列: 夹心+纤滋棒	热销系列: 组合系列	口味: 【浆果味178g+草莓味178g】酸奶饼干+纤滋棒30g 【草莓味178g+覆盆子味178g】酸奶饼干+纤滋棒30g 【草莓味178g+樱桃味178g】酸奶饼干+纤滋棒30g 【草莓味178g+热带水果味178g】酸奶饼干+纤滋棒30g 【浆果味178g+覆盆子味178g】酸奶饼干+纤滋棒30g 【浆果味178g+樱桃味178g】酸奶饼干+纤滋棒30g 【浆果味178g+热带水果味178g】酸奶饼干+纤滋棒30g 【覆盆子味178g+樱桃味178g】酸奶饼干+纤滋棒30g 【覆盆子味178g+热带水果味178g】酸奶饼干+纤滋棒30g 【樱桃味178g+热带水果味178g】酸奶饼干+纤滋棒30g 【樱桃味178g+覆盆子味178g】酸奶饼干+纤滋棒30g
生产许可证编号：SC10837082900271	产品标准号：GB/T 20980	厂名：伟龙食品有限公司	厂址：济宁经济技术开发区嘉新路西、济宁经济开发区嘉新路西	厂家联系方式：0537-2217388	配料表：小麦粉，植物油(含特丁基对苯二酚)，猪骨 汤(≥10%)，白砂糖，果葡糖浆，脱水青梗菜(≥3.4%)， 脱水胡萝卜(≥2.8%)	储藏方法：请置于清洁、通风、干燥处	保质期：360 天	食品添加剂：碳酸氢钠，碳酸氢铵，磷脂，焦亚硫酸钠，	品牌: 伟龙
生产许可证编号：SC10831011201332	厂名：上海江崎格力高食品有限公司闵行第二分公司	厂址：上海市闵行区江川路街道绿春路280号	厂家联系方式：021-63260088	保质期：365 天	品牌: glico/格力高	系列: 心心小圆饼系列	口味: 心心小圆饼芝士海盐味15g*20袋 心心小圆饼牛奶海盐味15g*20袋 心心小圆饼芝士海盐味15g*10袋+牛奶海盐味15g*10袋 心心小圆饼芝士海盐味15g*40袋 心心小圆饼牛奶海盐味15g*40袋	产地: 中国大陆	省份: 上海
生产许可证编号：SC10435068108888	产品标准号：GB/T 20980	厂名：童城（福建）营养食品有限公司	厂址：龙海市海澄食品工业区	厂家联系方式：010-56706899	配料表：详见详情配料表	储藏方法：请置于阴凉干燥通风处	保质期：365 天	食品添加剂：详见详情配料表	品牌: 稻田村
生产许可证编号：SC10851010900100	厂名：成都新成食品工业有限公司	厂址：四川省成都高新区新园大道1号	厂家联系方式：13761146588	配料表：详情见外包装	储藏方法：常温，请置于阴凉干燥处，避免阳光直射	保质期：365 天	食品添加剂：详情见外包装	产品名称：康元 康元朱古力夹心饼干2...	品牌: 康元
生产许可证编号：SC10832057100331	厂名：亿滋食品(苏州)有限公司湖西分公司	厂址：江苏省苏州工业园区白榆路51号	厂家联系方式：8008105536	保质期：270 天	品牌: 奥利奥	系列: 散装500g系列	口味: 混合口味500g（3片装） 经典原味500g【3片装】 巧克力味500g【3片装】 草莓味500g【3片装，进价贵】 混合口味1000g【3片装】 经典原味1000g【3片装】 巧克力味1000g【3片装】 草莓口味1000g【3片装，进价贵】 原味500g+巧克力味500g 原味500g+草莓口味500g 巧克力味500g+草莓口味500g 【精美盒装】奥利奥原味696g（内含12包） 【精美盒装】奥利奥巧克力味696g（内含12包） 【巧克力味】巧克棒500g（一根根长条的） 【混合口味】巧克棒500g（一根根长条的） 【奶白巧克力味】巧克棒500g（一根根长条的） 草莓口味500g【3片装】 草莓口味1000g【3片装】	产地: 中国大陆	省份: 北京
厂名：可来运制果株式会社	厂址：威海盛世外贸服务有限公司	厂家联系方式：5968700	保质期：365 天	品牌: 克丽安	系列: 0001	热销系列: 其它	口味: 【4口味小规格各1盒】（共30包） 【4盒】小规格自由搭配，留言备注（数字）即可 【4盒】奶油夹心饼干72g*2盒+巧克力榛子威化47g*2盒（共30包） 【4盒】咖啡夹心饼干72g*2盒+ 奶油榛子威化47g*2盒（共30包） 【2盒】奶油夹心饼干72g*1盒+巧克力榛子威化47g*1盒（共15包） 【2盒】咖啡夹心饼干72g*1盒+ 奶油榛子威化47g*1盒（共15包） 【2盒】巧克力榛子威化142g+咖啡夹心饼干128g 【2盒】巧克力榛子威化142g +奶油榛子威化142g 【2盒】咖啡夹心条饼干128g +奶油夹心条饼干128g 【2盒】奶油榛子威化142g +奶油夹心饼干128g 【2盒】中规格自由搭配，留言备注（数字）即可 建议吃前冷藏，行走的甜筒冰淇淋	产地: 韩国	包装方式: 包装
生产许可证编号：SC10811310111839	厂名：亿滋食品（北京）有限公司	厂址：北京市北京经济技术开发区东区经海三路148号	厂家联系方式：8008105536	配料表：详情请参照产品包装	储藏方法：干燥阴凉处	保质期：365 天	食品添加剂：详情见包装	品牌: 奥利奥	系列: 奥利奥散装混合5斤装整箱批发
生产许可证编号：SC10812011100372	厂名：天津康美林食品有限公司	厂址：天津市西青经济开发区惠友道六号	厂家联系方式：02164307766	配料表：详见包装	储藏方法：详见包装	保质期：365 天	食品添加剂：详见包装	品牌: 康元	系列: 提子饼干200g3袋
生产许可证编号：SC10835068103767	产品标准号：GB/T20980	厂名：龙海市祥盖好食品有限公司	厂址：龙海市海澄镇海口路11-1号	厂家联系方式：18050751592	配料表：小麦粉 白砂糖 棕榈油 起酥油 葡萄糖 盐	储藏方法：阴凉、干燥处储存	保质期：300 天	食品添加剂：见产品外包装	品牌: 妍致
生产许可证编号：SC12412011600165	厂名：天津顶园食品有限公司	厂址：天津经济技术开发区洞庭路161号	厂家联系方式：400-000-5927	配料表：-	储藏方法：-	保质期：365 天	食品添加剂：-	品牌: 康师傅	系列: 3+2苏打夹心饼干
厂名：菲律宾	厂址：菲律宾	厂家联系方式：053266003656	配料表：详见包装	储藏方法：置于阴凉干燥处	保质期：365 天	品牌: 两颗牙	系列: 马卡龙夹心饼干	热销系列: 组合系列	口味: 草莓味376g*1袋【约65粒】（第二份半价） 柠檬味376g*1袋【约65粒】（第二份半价） 奶油味376g*1袋【约65粒】（第二份半价） 混合口味（柠檬、草莓、奶油）376g*1袋【约65粒】（第二份半价） 草莓味376g*2袋（第二份半价） 柠檬味376g*2袋（第二份半价） 奶油味376g*2袋（第二份半价） 混合口味376g*2袋（第二份半价）
生产许可证编号：SC10811310111839	厂名：亿滋食品（北京）有限公司	厂址：北京市北京经济技术开发区东区经海三路148号	厂家联系方式：-	保质期：270 天	品牌: 奥利奥	系列: 奥利奥整箱	口味: 原味116g*24盒【整箱】 草莓116g*24盒【整箱】 巧克力116g*24盒【整箱】 夹心轻甜116g*24盒【整箱】 芝士蛋糕95g*24盒【整箱】 提拉米苏95g*24盒【整箱】 草莓酸奶95g*24盒【整箱】 香草慕斯95g*24盒【整箱】	产地: 中国大陆	省份: 北京
生产许可证编号：SC10835068105279	产品标准号：GB/T20980	厂名：雷布特（福建）食品有限公司	厂址：福建省龙海市榜山镇平江路3号	厂家联系方式：0596-6589186	配料表：小麦粉、葡萄糖粉、白砂糖、食用植物油、奶油、草莓粉、全脂奶粉、食用盐	储藏方法：避免存放在日晒、高温或潮湿的地方	保质期：300 天	食品添加剂：碳酸氢铵、碳酸氢钠、食用香料	品牌: ACARONZ
生产许可证编号：SC10832057100331	厂名：亿滋食品(苏州)有限公司湖西分公司	厂址：江苏省苏州工业园区白榆路51号	厂家联系方式：8008105536	配料表：详情请见包装	储藏方法：置于阴凉干燥处 避免阳光直射	保质期：365 天	食品添加剂：无	品牌: 奥利奥	系列: 奥利奥夹心饼干24盒
生产许可证编号：SC10833028100372	产品标准号：GB/T20980	厂名：余姚市百利饼业有限公司	厂址：浙江省宁波市余姚市朗霞街道新新工业城	厂家联系方式：13248666205	配料表：小麦粉，食用植物油，起酥油，白砂糖，葡萄糖，巅峰，食用盐，食品添加剂，	储藏方法：存放于阴凉干燥处，避免阳光直射	保质期：300 天	食品添加剂：见包装	品牌: 简瑞
厂名：克丽安	厂址：韩国	厂家联系方式：057186697032	配料表：详情请参考包装	储藏方法：详情请参考包装	保质期：365 天	食品添加剂：详情请参考包装	品牌: 克丽安	系列: 72g	口味: 【4口味各1盒】（共30包） 【4盒】奶油榛子威化47g*4盒（共24包） 【4盒】奶油夹心饼干72g*4盒（共36包） 【4盒】咖啡夹心饼干72g*4盒（共36包） 【4盒】巧克力榛子威化47g*4盒（共24包） 【4盒】奶油夹心饼干2盒+巧克力榛子威化2盒（共30包） 【4盒】咖啡夹心饼干2盒+ 奶油榛子威化2盒（共30包） 【2盒】奶油榛子威化47g*2盒（共12包） 【2盒】奶油夹心饼干72g*2盒（共18包） 【2盒】咖啡夹心饼干72g*2盒（共18包） 【2盒】巧克力榛子威化47g*2盒（共12包） 【2盒】奶油夹心饼干1盒+巧克力榛子威化1盒（共15包） 【2盒】咖啡夹心饼干1盒+ 奶油榛子威化1盒（共15包）
生产许可证编号：SC12431012001068	厂名：上海思瑞食品有限公司	厂址：上海市奉贤区柘林镇胡桥社区浦卫公路8659号;	厂家联系方式：021-34680678	保质期：300 天	品牌: 初吉	系列: 非奶油夹心饼干160g*2	口味: 慕斯原味（160g/盒） 青柠海盐味（160g/盒） 航海王联名草莓夹心味（160g/盒） 航海王联名草莓夹心*1+青柠海盐*1(75%客户优选此项） 慕斯原味*1+青柠海盐味*1 慕斯原味*2 （160g/盒） 青柠海盐味*2（160g/盒） 航海王联名草莓夹心味*2 （160g/盒）	产地: 中国大陆	省份: 上海
生产许可证编号：SC11344190005110	厂名：东莞亿智食品有限公司	厂址：东莞市东坑镇凤大工业区1号	厂家联系方式：4006120918	配料表：见包装	储藏方法：置于阴凉干燥处	保质期：365 天	食品添加剂：见包装	品牌: 亿智	系列: 注心饼干160g*3盒
生产许可证编号：SC10835068101790	厂名：龙海优麦嘉食品有限公司	厂址：龙海市海澄镇仓头村	厂家联系方式：0596-6735068	配料表：详情见包装	储藏方法：请置于阴凉干燥处，开袋后尽快食用	保质期：270 天	食品添加剂：详情见包装	品牌: 欧贝拉	系列: 果酱夹心饼干,.
生产许可证编号：SC10835068101118	厂名：菲塔（福建）食品有限公司	厂址：龙海市东园开发区（凤鸣村阳光539号）	厂家联系方式：0595-22007887	配料表：详情见包装说明	储藏方法：置于阴凉干燥处，避免阳光直射	保质期：270 天	食品添加剂：详见外包装说明	品牌: 欧贝拉	系列: 酱烧曲奇.
生产许可证编号：SC11835068101790	厂名：龙海优麦嘉食品有限公司	厂址：福建省漳州市龙海区海澄镇仓头村蔡埭94号	厂家联系方式：0595-22007887	配料表：详情见包装	储藏方法：详情见包装	保质期：270 天	食品添加剂：详情见包装	品牌: 比比赞	系列: 果酱夹心饼干 .
生产许可证编号：SC10835068102477	产品标准号：详情见包装	厂名：龙海市鸿祺食品有限公司	厂址：龙海市海澄工业区西小区	厂家联系方式：0592-5800750	配料表：详情见包装	储藏方法：详情见包装	保质期：300 天	食品添加剂：详情见包装	品牌: 其妙
生产许可证编号：SC11332057100228	厂名：亿滋食品（苏州）有限公司	厂址：江苏省苏州工业园区星龙街宋巷1号	厂家联系方式：8008105536	保质期：365 天	品牌: 奥利奥	系列: 奥利奥夹心樱花草莓口味388克	产地: 中国大陆	省份: 北京	包装方式: 盒装
生产许可证编号：SC10831011201332	厂名：上海江崎格力高食品有限公司闵行第二分公司	厂址：上海市闵行区江川路街道绿春路280号	厂家联系方式：021-20232635	保质期：360 天	品牌: glico/格力高	系列: 百醇7袋犒赏装（草莓香草味）	产地: 中国大陆	省份: 上海	是否为有机食品: 否
生产许可证编号：SC10832057100331	厂名：亿滋食品(苏州)有限公司湖西分公司	厂址：江苏省苏州工业园区白榆路51号	厂家联系方式：8008105536	保质期：270 天	品牌: 奥利奥	系列: 巧轻脆薄片夹心清新草莓酸奶味95克	产地: 中国大陆	省份: 江苏省	商品条形码: 6901668004956
生产许可证编号：SC11332057100228	厂名：亿滋食品（苏州）有限公司	厂址：江苏省苏州工业园区星龙街宋巷1号	厂家联系方式：4008185536	配料表：见包装	储藏方法：阴凉干燥处储藏	保质期：365 天	食品添加剂：见包装	品牌: 奥利奥	系列: 116g夹心饼干
生产许可证编号：SC10835068101790	厂名：龙海优麦嘉食品有限公司	厂址：龙海市海澄镇仓头村	厂家联系方式：0596-6650006	配料表：详见图3	储藏方法：详见图3	保质期：270 天	食品添加剂：详见图3	品牌: 比比赞	系列: 果酱夹心饼干8.9
生产许可证编号：SC10844078300039	厂名：广东嘉士利食品集团有限公司	厂址：广东省江门市开平市长沙港口路18号	厂家联系方式：400-633-3876	保质期：365 天	品牌: 嘉士利	系列: 果乐果香夹心饼干礼盒装1500g	热销系列: 其它	口味: 香橙味680克X2箱【约80小包160枚饼干】 蓝莓味680克X2箱【约80小包160枚饼干】 草莓味680克X2箱【约80小包160枚饼干】 蓝莓味680克+草莓味680克【约80小包160枚饼干】 蓝莓味680克+香橙味680克【约80小包160枚饼干】 香橙味680克+草莓味680克【约80小包160枚饼干】 香橙味1500克【约86小包】】 蓝莓味1500克【约86小包】 草莓味1500克【约86小包】	产地: 中国大陆
厂名：VICENZI/维西尼	厂址：意大利威尼托大区维罗纳省	厂家联系方式：02164260275	配料表：奶油味调味酱、小麦粉、人 造奶油、白砂糖等	储藏方法：贮藏于阴凉干燥处	保质期：420 天	品牌: 维西尼	系列: 65g饼干系列	热销系列: 组合系列	口味: 榛子奶油夹心直条125g+圆形巧克力125g*2 奶油直条125g*1+榛子直条125g*1包+奶油味酥脆125g*1 奶油直条125g*1+酥脆直条125g*1+榛子直条125g*1 榛子直条125g*1+酥脆直条125g*1+奶油味酥脆125g*1 奶油夹心直条125g*2+榛子夹心直条125g*1 奶油直条125g*1包+榛子直条125g*2包 奶油夹心直条125g*2包+奶油味酥脆125g*1包 奶油夹心直条125g*1包+奶油味酥脆125g*2包 奶油夹心直条125g*3包 榛子奶油夹心直条125g*3包
品牌: 奥利奥	系列: 樱花抹茶97g	口味: （粉色饼干）樱花草莓97g *2盒 （绿色饼干）酸甜青梅97g*2盒 （粉色饼干）樱花草莓97g *4盒 （粉色饼干）樱花草莓388g *1盒 （绿色饼干）酸甜青梅388g*1盒 巧轻脆草莓味*4盒 巧轻脆柠檬味*4盒 巧轻脆提拉米苏味*4盒 巧轻脆香草味*4盒 白桃乌龙97g *3盒 白桃乌龙97g *4盒 白桃乌龙97g *5盒 白桃乌龙388g*1盒 （绿色饼干）酸甜青梅97g*4盒 樱花草莓97g+酸甜青梅97g 樱花草莓97g *2盒+酸甜青梅97g*2盒	产地: 中国大陆	省份: 江苏省	是否为有机食品: 否	商品条形码: 6901668927897	包装方式: 包装	是否进口: 国产	糕点种类: 夹心饼干
生产许可证编号：SC12431011600745	产品标准号：GB7100	厂名：上海鑫国食品有限公司	厂址：上海市金山区朱泾镇中发路666号1、2、3幢	厂家联系方式：service@chichisnacks.com	配料表：专用小麦粉（小麦粉，淀粉），黄油，海藻糖，冻干草莓，扁桃仁粉，鸡蛋白液，白巧克力，蔓越莓粉，乳粉，草莓粉。	储藏方法：请置于阴凉干燥处保存，避免高温和阳光直射	保质期：90 天	食品添加剂：无	品牌: 果蔬天团
生产许可证编号：SC10811310111839	厂名：亿滋食品（北京）有限公司	厂址：北京市北京经济技术开发区东区经海三路148号	厂家联系方式：4008185536	配料表：见包装	储藏方法：见包装	保质期：365 天	食品添加剂：见包装	品牌: 奥利奥	系列: 散装樱花夹心饼干
生产许可证编号：SC10811310111839	厂名：亿滋食品（北京）有限公司	厂址：北京市北京经济技术开发区东区经海三路148号	厂家联系方式：40088185536	保质期：365 天	品牌: 奥利奥	系列: 466gX3盒	口味: 【店长推荐 】轻甜夹心116gX4盒 原味116gX4盒 巧克力味夹心116gX4盒 草莓味夹心116gX4盒 【店长推荐】116g四口味各一盒 466gX3盒 原味夹心 466gX3盒 巧克力味夹心 466gX3盒 轻甜味夹心 466gX3盒 草莓味夹心 【466g组合装】原味2盒+巧克力1盒 【466g组合装】原味2盒+轻甜味1盒 【466g组合装】原味2盒+草莓味1盒 【466g组合装】原味1盒+巧克力1盒+轻甜味1盒 【466g组合装】原味1盒+轻甜味1盒+草莓味1盒 【466g组合装】巧克力味1盒+轻甜味1盒+草莓味1盒 【466g组合装】巧克力味2盒+原味1盒 【466g组合装】巧克力味2盒+轻甜味1盒 【466g组合装】巧克力味2盒+草莓味1盒 【466g组合装】轻甜味2盒+原味1盒 【466g组合装】轻甜味2盒+巧克力味1盒 【466g组合装】轻甜味2盒+草莓味1盒 【466g组合装】草莓味2盒+原味味1盒 【466g组合装】草莓味2盒+轻甜味1盒 【466g组合装】草莓味2盒+巧克力味1盒	产地: 中国大陆	省份: 北京
生产许可证编号：SC10835068106322	产品标准号：Q/AYWS 0001S	厂名：龙海市爱优味食品有限公司	厂址：福建省龙海市浮宫镇田头村上柯158号	厂家联系方式：0596	配料表：小麦粉、食用棕榈油、葡萄糖、白砂糖、起酥油、酵母、 食用盐等	储藏方法：置于阴凉、干燥处	保质期：270 天	品牌: 果仁园	系列: 夹心饼干
厂名：童城（福建）营养食品有限公司	厂址：龙海市海澄食品工业区	厂家联系方式：15910255236	保质期：360 天	食品添加剂：不含	品牌: 布拉粉	适用年龄: 3岁	产地: 中国大陆	口味: 草莓饼干 胡萝卜饼干	包装种类: 盒装
生产许可证编号：SC10837082900271	产品标准号：GB/T 20980	厂名：伟龙食品有限公司	厂址：济宁经济技术开发区嘉新路西、济宁经济开发区嘉新路西	厂家联系方式：0537-2217388	配料表：小麦粉，植物油(含特丁基对苯二酚)，猪骨 汤(≥10%)，白砂糖，果葡糖浆，脱水青梗菜(≥3.4%)， 脱水胡萝卜(≥2.8%)	储藏方法：请置于清洁、通风、干燥处	保质期：360 天	食品添加剂：碳酸氢钠，碳酸氢铵，磷脂，焦亚硫酸钠，	品牌: 伟龙
生产许可证编号：SC10831011201332	厂名：上海江崎格力高食品有限公司闵行第二分公司	厂址：上海市闵行区江川路街道绿春路280号	厂家联系方式：021-63260088	保质期：365 天	品牌: glico/格力高	系列: 心心小圆饼系列	口味: 心心小圆饼芝士海盐味15g*20袋 心心小圆饼牛奶海盐味15g*20袋 心心小圆饼芝士海盐味15g*10袋+牛奶海盐味15g*10袋 心心小圆饼芝士海盐味15g*40袋 心心小圆饼牛奶海盐味15g*40袋	产地: 中国大陆	省份: 上海
生产许可证编号：SC10811310111839	厂名：亿滋食品（北京）有限公司	厂址：北京市北京经济技术开发区东区经海三路148号	厂家联系方式：4008185536	配料表：见包装	储藏方法：见包装	保质期：365 天	食品添加剂：见包装	品牌: 奥利奥	系列: 散装樱花夹心饼干
生产许可证编号：SC10835068106322	产品标准号：Q/AYWS 0001S	厂名：龙海市爱优味食品有限公司	厂址：福建省龙海市浮宫镇田头村上柯158号	厂家联系方式：0596	配料表：小麦粉、食用棕榈油、葡萄糖、白砂糖、起酥油、酵母、 食用盐等	储藏方法：置于阴凉、干燥处	保质期：270 天	品牌: 果仁园	系列: 夹心饼干
生产许可证编号：SC10835068108117	产品标准号：GB/T20980	厂名：漳州市善得食品有限公司	厂址：龙海市东园镇凤鸣村阳光551号	厂家联系方式：15559055288	配料表：详见包装	储藏方法：于阴凉干燥处， 避免阳光直射	保质期：300 天	食品添加剂：详见包装	品牌: 真好意
生产许可证编号：SC10844078300039	产品标准号：GB/T20980	厂名：广东嘉士利食品集团有限公司	厂址：广东省江门市开平市长沙港口路18号	厂家联系方式：4006333876	配料表：小麦粉、植物油、白砂糖、果葡萄浆、葡萄糖浆、淀粉、果 味酱、果酱调味粉、食用盐、酵母、食用香精、食品添加剂 等	储藏方法：阴凉干燥处，避免阳光直射	保质期：365 天	食品添加剂：详见包装	品牌: 嘉士利
生产许可证编号：SC10811310111839	厂名：亿滋食品（北京）有限公司	厂址：北京市北京经济技术开发区东区经海三路148号	厂家联系方式：8008105536	保质期：270 天	品牌: 奥利奥	系列: 散装2500克	热销系列: 组合系列	口味: 原味5斤125包每包两个装 混合口味5斤125包每包两个装 巧克力5斤125包每包两个装 草莓味5斤125包每包两个装 生日蛋糕味5斤125包每包两个装 乌龙白桃味5斤125包每包两个装 抹茶冰激凌味5斤125包每包2个装	产地: 中国大陆
生产许可证编号：SC10835068100864	产品标准号：GB/T 20980	厂名：龙海市鸿福伟业食品有限公司	厂址：龙海市海澄镇大众北路30号	厂家联系方式：18159573055	配料表：小麦粉.食用油.葡萄糖.白砂糖，等	储藏方法：于阴凉干燥处贮存	保质期：270 天	食品添加剂：见包装	品牌: 柯响
生产许可证编号：SC11337132316329	产品标准号：GB/T20980	厂名：临沂麦世发食品有限公司	厂址：沂水县北四环工业园	厂家联系方式：0539-2715666	配料表：详情见包装	储藏方法：阴凉干燥处	保质期：270 天	食品添加剂：详情见包装	品牌: 麦世发
生产许可证编号：SC10835068102305	厂名：龙海市乐阳食品有限公司	厂址：龙海市海澄镇工业区	厂家联系方式：0592-5800750	配料表：详情见包装	储藏方法：详情见包装	保质期：300 天	食品添加剂：详情见包装	品牌: 乐阳路	系列: 夹心饼干.
厂名：明治制果（新加坡）有限公司	厂址：新加坡	厂家联系方式：01087576181	保质期：365 天	品牌: Meiji/明治	系列: 熊猫草莓夹心饼干50g	口味: 随机6盒装【多种口味组合】 【6盒装】奶油夹心 【6盒装】抹茶夹心 【6盒装】双重巧克力夹心 【6盒装】草莓夹心 【6盒装】巧克力夹心 【6盒装】椰子夹心 【6盒装】巧克力奶油夹心 【各2盒】草莓夹心+抹茶夹心+巧克力夹心 【各2盒】双重巧克力夹心+奶油夹心+巧克力奶油夹心	产地: 新加坡	包装方式: 包装	是否进口: 进口
生产许可证编号：SC10832057100331	厂名：亿滋食品(苏州)有限公司湖西分公司	厂址：江苏省苏州工业园区白榆路51号	厂家联系方式：4008185536	配料表：详情见产品包装	储藏方法：详情见产品包装	保质期：365 天	食品添加剂：详情见产品包装	品牌: 奥利奥	系列: 春季限定款
生产许可证编号：SC10811310111839	厂名：亿滋食品（北京）有限公司	厂址：北京市北京经济技术开发区东区经海三路148号	厂家联系方式：40088185536	保质期：365 天	品牌: 奥利奥	系列: 97g夹心饼干	口味: 口味备注任选*6盒（下单联系客服备注/无备注随机发） 【4盒经典】116g(原味*2+巧克力味*1+草莓味*1) 【4盒薄脆】95g(柠檬芝士+提拉米苏+香草慕斯+草莓酸奶) 【4盒热卖】97g(白桃乌龙+生日蛋糕+冰淇淋抹茶+冰淇淋香草) 【4盒热卖】97g(白桃乌龙+生日蛋糕+蓝莓树莓+葡萄水蜜桃) 【4盒热卖】97g(冰淇淋抹茶+冰淇淋香草+蓝莓树莓+葡萄水蜜桃) 【4盒热卖】97g(白桃乌龙+冰淇淋抹茶+葡萄水蜜桃+蓝莓树莓) 【6盒装】116g经典原味*6盒 【6盒装】116g巧克力味*6盒 【6盒装】116g草莓味*6盒 【6盒装】97g白桃乌龙*6盒 【6盒装】97g生日蛋糕*6盒 【6盒装】97g蓝莓+树莓味*6盒 【6盒装】97g葡萄+水蜜桃味*6盒 【6盒装】97g冰淇淋香草味*6盒 【6盒装】97g冰淇淋抹茶味*6盒	产地: 中国大陆	省份: 上海
生产许可证编号：SC10812011100372	厂名：天津康美林食品有限公司	厂址：天津市西青经济开发区惠友道六号	厂家联系方式：02164307766	配料表：详见包装	储藏方法：详见包装	保质期：365 天	食品添加剂：详见包装	品牌: 康元	系列: 康元饼干200g
生产许可证编号：SC10811310111839	厂名：亿滋食品（北京）有限公司	厂址：北京市北京经济技术开发区东区经海三路148号	厂家联系方式：8008105536	保质期：270 天	品牌: 奥利奥	系列: 散称1500g	口味: 草莓味1500g【2块装】 原味1500g【2块装】 巧克力味1500g【2块装】 混搭口味1500g【2块装】 酸甜青梅味1500g【2块装】	产地: 中国大陆	省份: 北京
生产许可证编号：SC12437021200306	厂名：乐天（青岛）食品有限公司	厂址：青岛高科技工业园株洲路149号	厂家联系方式：021	配料表：见包装	储藏方法：放置阴凉干燥处	保质期：450 天	食品添加剂：见包装	品牌: Lotte/乐天	系列: 乐天小熊饼干6盒
生产许可证编号：SC10835068102071	产品标准号：GB/T20980	厂名：龙海市旌利食品有限公司	厂址：龙海市海澄工业区	厂家联系方式：0596-6764666	配料表：详见包装	储藏方法：详见包装	保质期：300 天	品牌: 黛香园	系列: 夹心饼干
生产许可证编号：SC10812011100372	产品标准号：详见包装	厂名：天津康美林食品有限公司	厂址：天津市西青经济开发区惠友道六号	厂家联系方式：02164307766	配料表：详见包装	储藏方法：详见包装	保质期：365 天	食品添加剂：详见包装	品牌: 康元
厂名：株式会社可来运海太控股集团	厂址：韩国	厂家联系方式：0631-5836809	保质期：365 天	食品添加剂：详见外包装	品牌: 克丽安	系列: 蛋卷威化4盒	口味: 【冷藏口感更加哦】 【4口味各一盒】（共30包） 【4盒】奶油夹心饼干72g*4盒（36包） 【4盒】咖啡夹心饼干72g*4盒（36包） 【4盒】奶油榛子威化47g*4盒（24包） 【4盒】巧克力榛子威化47g*4盒（24包） 【4盒】奶油榛子威化*2盒+咖啡夹心饼干*2盒（30包） 【4盒】巧克力榛子威化*2盒+奶油夹心饼干*2盒（30包） -------------------------------------------------------------------------------------------- 【2盒】奶油夹心饼干128g*2盒（32包） 【2盒】咖啡夹心饼干128g*2盒（32包） 【2盒】奶油榛子威化142g*2盒（18大包） 【2盒】巧克力榛子威化142g*2盒(18大包) 【2盒】奶油夹心饼干72g*2盒（18包） 【2盒】咖啡夹心饼干72g*2盒（18包） 【2盒】奶油榛子威化47g*2盒（12包） 【2盒】巧克力榛子威化47g*2盒（12包） 【2盒】奶油夹心饼干1盒+巧克力榛子威化1盒（15包） 【2盒】咖啡夹心条饼干1盒+奶油榛子威化1盒（15包）	产地: 韩国	包装方式: 包装
生产许可证编号：SC10841110400239	厂名：漯河市万美食品有限公司	厂址：漯河市召陵区人民东路大河物流园区	厂家联系方式：400-6979-866	配料表：小麦粉、食用植物油、白砂糖、奶油、葡萄糖、起酥油、玉米淀粉、 草莓粉、食用盐	储藏方法：置于阴凉干燥处保存，避免高温和阳光直射。	保质期：365 天	食品添加剂：碳酸氢铵、碳酸氢钠、食用香精	品牌: 万美（食品）	系列: 早餐系列
生产许可证编号：SC11344011600700	产品标准号：Q/MZZG 0002S	厂名：广州明治制果有限公司	厂址：广州经济技术开发区东区建业三路6号自编第2栋101、201厂房	厂家联系方式：020-61850188	配料表：饼干（小麦粉，白砂糖，棕榈油，人造奶油，碳酸氢铵，食用盐，芝麻，痰栓氢钠，碳酸钙等）	储藏方法：放置干燥阴凉处	保质期：365 天	食品添加剂：详见包装	品牌: Meiji/明治
生产许可证编号：SC10811310111839	厂名：亿滋食品（北京）有限公司	厂址：北京市北京经济技术开发区东区经海三路148号	厂家联系方式：800-810-5536	保质期：365 天	品牌: 奥利奥	系列: 奥利奥58g	口味: 【整箱】原味116克X24盒 【整箱】巧克力味116克X24盒 【整箱】草莓味116克X24盒 【整箱】酸奶味97克X24盒（新口味） 【整箱】香草味97克X24盒 【整箱】生日蛋糕味97克X24盒 【整箱】双果（葡萄+蜜桃）味97克X24盒 【整箱】樱花草莓味97克X24盒（季节限定款） 【整箱】酸甜青梅味97克X24盒（季节限定款） 【整箱】柑橘荔枝味388克X12盒（限定款）	产地: 中国大陆	省份: 北京
生产许可证编号：SC10832057100331	产品标准号：GB/T 20980	厂名：亿滋食品(苏州)有限公司湖西分公司	厂址：江苏省苏州工业园区白榆路51号	厂家联系方式：8008105536	配料表：白砂糖、小麦粉、食用植物油、可可粉、淀粉、草莓粉 食用盐、食品添加剂等	储藏方法：请置于干燥阴凉处 避免阳光直晒	保质期：365 天	食品添加剂：详情请见包装	品牌: 奥利奥
生产许可证编号：SC12444190008448	产品标准号：详情见包装	厂名：东莞市尚凡食品有限公司	厂址：东莞市茶山镇茶山村吉街工业区吉兴路厂房第3栋	厂家联系方式：0769-89775155	配料表：详情见包装	储藏方法：详情见包装	保质期：300 天	食品添加剂：详情见包装	品牌: 可待
生产许可证编号：SC11332057100228	厂名：亿滋食品（苏州）有限公司	厂址：江苏省苏州工业园区星龙街宋巷1号	厂家联系方式：8008105536	配料表：见包装	保质期：270 天	食品添加剂：见包装	品牌: 奥利奥	系列: 甄选巧克力涂层夹心饼干	口味: 融心巧克力味2盒+草莓酸奶味 1盒 多口味混搭3盒 融心巧克力味*3盒 草莓酸奶巧克力味*3盒 日式抹茶巧克力味*3盒 【店长推荐#实惠#】融心巧克力味4盒+草莓酸奶味 2盒 多口味混搭6盒 草莓酸奶巧克力味*6盒 融心巧克力味*6盒
生产许可证编号：SC10844011600425	产品标准号：GB/T20980	厂名：广州必旺食品有限公司	厂址：广州经济技术开发区永和经济区新元路3号6栋	厂家联系方式：270	储藏方法：阴凉通风避光	保质期：270 天	食品添加剂：详情见包装	品牌: 旺旺	系列: 泡芙整箱
生产许可证编号：SC10835068101118	厂名：菲塔（福建）食品有限公司	厂址：龙海市东园开发区（凤鸣村阳光539号）	厂家联系方式：0595-22007887	配料表：详见外包装说明	储藏方法：置于阴凉干燥处，避免阳光直射	保质期：270 天	食品添加剂：详见外包装说明	品牌: 欧贝拉	系列: 酱烧曲奇..
生产许可证编号：SC11835068101790	厂名：龙海优麦嘉食品有限公司	厂址：福建省漳州市龙海区海澄镇仓头村蔡埭94号	厂家联系方式：0595-22007887	配料表：详情见包装	储藏方法：详情见包装	保质期：270 天	食品添加剂：详情见包装	品牌: 比比赞	系列: 果酱夹心饼干 .,
生产许可证编号：SC10835068102477	厂名：龙海市鸿祺食品有限公司	厂址：龙海市海澄工业区西小区	厂家联系方式：0592-5800750	配料表：详见外包装	储藏方法：详见外包装	保质期：300 天	食品添加剂：详见外包装	品牌: KIEMEO	系列: 夹心饼干400g
生产许可证编号：SC11332057100228	厂名：亿滋食品（苏州）有限公司	厂址：江苏省苏州工业园区星龙街宋巷1号	厂家联系方式：8008105536	保质期：270 天	品牌: 奥利奥	系列: 奥利奥mini礼包	产地: 中国大陆	省份: 上海	包装方式: 包装
厂名：童城（福建）营养食品有限公司	厂址：龙海市海澄食品工业区	厂家联系方式：15910255236	保质期：360 天	食品添加剂：不含	品牌: 布拉粉	适用年龄: 3岁	产地: 中国大陆	口味: 草莓饼干 胡萝卜饼干	包装种类: 盒装
生产许可证编号：SC10435068108888	产品标准号：GB/T 20980	厂名：童城（福建）营养食品有限公司	厂址：龙海市海澄食品工业区	厂家联系方式：010-56706899	配料表：详见详情配料表	储藏方法：请置于阴凉干燥通风处	保质期：365 天	食品添加剂：详见详情配料表	品牌: 稻田村
生产许可证编号：SC10831011201332	厂名：上海江崎格力高食品有限公司闵行第二分公司	厂址：上海市闵行区江川路街道绿春路280号	厂家联系方式：021-63260088	保质期：365 天	品牌: glico/格力高	系列: 心心小圆饼系列	口味: 心心小圆饼芝士海盐味15g*20袋 心心小圆饼牛奶海盐味15g*20袋 心心小圆饼芝士海盐味15g*10袋+牛奶海盐味15g*10袋 心心小圆饼芝士海盐味15g*40袋 心心小圆饼牛奶海盐味15g*40袋	产地: 中国大陆	省份: 上海
生产许可证编号：SC10832057100331	厂名：亿滋食品(苏州)有限公司湖西分公司	厂址：江苏省苏州工业园区白榆路51号	厂家联系方式：8008105536	保质期：270 天	品牌: 奥利奥	系列: 巧轻脆薄片夹心清新草莓酸奶味95克	产地: 中国大陆	省份: 江苏省	商品条形码: 6901668004956
生产许可证编号：SC10844078300039	厂名：广东嘉士利食品集团有限公司	厂址：广东省江门市开平市长沙港口路18号	厂家联系方式：0750-2290908	配料表：详见外包装	储藏方法：详见外包装	保质期：365 天	食品添加剂：详见外包装	产品名称：嘉士利 果乐果香夹心饼干礼...	品牌: 嘉士利
生产许可证编号：SC10832057100331	厂名：亿滋食品(苏州)有限公司湖西分公司	厂址：江苏省苏州工业园区白榆路51号	厂家联系方式：800 810 5536	保质期：365 天	品牌: 奥利奥	系列: 樱花奥利奥	口味: 【限量版】樱花草莓97克3盒 【限量版】樱花草莓97克6盒 【限量版】樱花草莓388克1盒 【限量版】酸甜青梅388克1盒 【限量版】樱花草莓388克2盒 【限量版】酸甜青梅388克2盒 【限量版】樱花草莓1盒+酸甜青梅1盒 【亏本价18.9元】酸甜青梅388克*1盒 【亏本价10.5元】原味116克*2盒（非季节款】	产地: 中国大陆	省份: 上海
生产许可证编号：SC10811310111839	厂名：亿滋食品（北京）有限公司	厂址：北京市北京经济技术开发区东区经海三路148号	厂家联系方式：8008105536	保质期：270 天	品牌: 奥利奥	系列: 奥利奥夹心小饼干55g	口味: 原味55g*6盒 草莓味55g*6盒 巧克力55g*6盒 3种口味各2盒 巧克力味3盒+草莓味3盒 原味3盒+巧克力3盒 原味3盒+草莓味3盒 原味55g*9盒 草莓味55g*9盒 巧克力55g*9盒 3种口味各3盒 醇正酸奶味55g*6盒 醇正酸奶味55g*9盒 醇正酸奶3盒+草莓3盒 醇正酸奶3盒+巧克力3盒	产地: 中国大陆	省份: 北京
厂名：维西尼	厂址：意大利	厂家联系方式：1	配料表：巧克力味调味酱、小麦粉、白砂糖、食用盐、黄油	储藏方法：置于阴凉干燥处	保质期：420 天	食品添加剂：食用香料	品牌: 维西尼	系列: 夹心饼干	口味: 奶油味酥脆饼干125g*3袋 酥脆直条饼干125g*3袋 榛子奶油味夹心直条125g*3袋 奶油味夹心直条125g*3袋 圆形奶油味夹心125g*3袋 圆形巧克力味夹心125g*3袋 盒装柠檬味夹心150g*3盒 盒装双重巧克力味夹心150g*3盒 125g任意3袋可备注指定口味 150g任意3盒可备注指定口味
厂名：韩国啵乐乐	厂址：韩国首尔	厂家联系方式：13884798800	配料表：见包装	保质期：365 天	食品添加剂：见包装	品牌: Pororo/啵乐乐	系列: 冰淇淋饼干	热销系列: 组合系列	口味: 草莓味53g*4盒 巧克力味53g*4盒 养乐多味53g*4盒 柚子味53g*4盒 香蕉味53g*4盒 草莓味+巧克力味+香蕉味+养乐多味 草莓味+巧克力味+香蕉味+柚子味 草莓味+巧克力味+养乐多味+柚子味 草莓味+香蕉味+养乐多味+柚子味 巧克力味+香蕉味+养乐多味+柚子味 四种口味自选下单备注
品牌: 乐堂	系列: 草莓饼干	口味: 【夏季限定】草莓味牛奶饼干 【明星组合】干酪味饼干+草莓味牛奶饼干 【送礼必备】干酪味饼干+红茶饼干 干酪味饼干+草莓饼干+红茶饼干	产地: 日本	是否为有机食品: 否	包装方式: 包装	净含量: 76g	蛋白质含量: 5.9g/100g	能量: 2875kJ/100g	脂肪含量: 44.7g/100g
生产许可证编号：SC10834022306545	厂名：芜湖良丰食品有限公司	厂址：安徽省芜湖市南陵县经济开发区籍山大道6号	厂家联系方式：13758222305	保质期：180 天	品牌: 比比妙	系列: 麦芽小饼干独立小包装	口味: 【蛋黄味】150g+送【黑糖味】150g（共发300g约40包） 【蛋黄味】300g+送【黑糖味】300g（共发600g约80包） 【蛋黄味】150g+送同款150g（共发300g约40包） 【黑糖味】150g+送同款150g（共发300g约40包） 【蛋黄味】300g+送同款300g（共发600g约80包） 【黑糖味】300g+送同款300g（共发600g约80包）	产地: 中国大陆	省份: 安徽省
生产许可证编号：SC12412011600165	产品标准号：GB 7100	厂名：天津顶园食品有限公司	厂址：天津经济技术开发区洞庭路161号	厂家联系方式：0577-58114115	配料表：详情见包装	储藏方法：常温储存，避免放于日晒、高温或潮湿的地方	保质期：365 天	食品添加剂：见包装	品牌: 康师傅
生产许可证编号：SC10842900400025	厂名：武汉真巧食品有限公司	厂址：湖北省仙桃市瑞阳大道38号	厂家联系方式：07288234888	配料表：详见包装	储藏方法：详见包装	保质期：365 天	食品添加剂：详见包装	品牌: 真巧	系列: 真巧曲奇
生产许可证编号：SC12413100400013	厂名：好丽友食品有限公司	厂址：河北省廊坊市廊坊经济技术开发区汇源道南,全兴路东,锦华路西;廊坊经济技术开发区汇源道东南;廊坊经济技	厂家联系方式：400-683-0066	配料表：详见包装	储藏方法：置于阴凉干燥处、避免阳光直射	保质期：365 天	食品添加剂：详见包装	品牌: ORION/好丽友	系列: 蘑古力
生产许可证编号：SC10844078300039	产品标准号：GB/T 20980	厂名：广东嘉士利食品集团有限公司	厂址：广东省江门市开平市长沙港口路18号	厂家联系方式：400-633-3876	储藏方法：请置于阴凉干燥处	保质期：365 天	品牌: 嘉士利	系列: 果乐果香草莓味1000g	热销系列: 其它
生产许可证编号：SC10844190000482	产品标准号：GB/T 20980	厂名：广东聚牛食品有限公司	厂址：东莞市麻涌镇川槎村川槎工业区B栋	厂家联系方式：076922762073	保质期：360 天	品牌: mixx	系列: 咸味芝士夹心苏打饼干380g	口味: 咸味芝士夹心380g+柠檬味夹心380g 咸味芝士夹心苏打380g*2包 柠檬味夹心苏打380g*2包 咸味芝士夹心380g+咸味芝士320g 柠檬夹心380g+咸味芝士320g 咸味芝士320g*2包	产地: 中国大陆
厂名：(株)可瑞安制果/可拉奥制果株式会社	厂址：大田广域市大德区山日路67-57	厂家联系方式：0631-5863809	配料表：请参照商品包装	储藏方法：阴凉干燥处 避免阳光直射	保质期：365 天	食品添加剂：大豆磷脂、碳酸氢钠等	品牌: 克丽安	系列: 夹心饼干	口味: 【掌柜推荐4盒】 奶油夹心72g*4盒（36包） 【热卖推荐4盒】 奶油夹心2盒+榛子奶油1盒+巧克力榛子1盒（30包） 【4盒】 榛子奶油47g*4盒（24包） 【4盒】 巧克力榛子47g*4盒（24包） 【4盒】 榛子奶油47g*2盒+奶油夹心72g*2盒（30包） 【4盒】 巧克力榛子47g*2盒+奶油夹心72g*2盒（30包） 【4盒】 奶油夹心72g*2盒+巧克力榛子47g*2盒（24包）
生产许可证编号：SC11332057100228	厂名：亿滋食品（苏州）有限公司	厂址：江苏省苏州工业园区星龙街宋巷1号	厂家联系方式：8008105536	配料表：详见包装	储藏方法：详见包装	保质期：270 天	食品添加剂：详见包装	品牌: 奥利奥	系列: 臻选系列66g*6盒
厂名：VICENZI/维西尼	厂址：意大利威尼托大区维罗纳省	厂家联系方式：02164260275	配料表：详见产品背标图片	储藏方法：贮藏于阴凉干燥处	保质期：420 天	品牌: 维西尼	系列: 65g夹心饼干	口味: 奶油夹心圆形125g*2包+榛子奶油夹心直条125g 奶油夹心圆形125g*2包+巧克力夹心圆形125g 奶油夹心圆形125g*2包+手指形饼干（无夹心）200g 巧克力夹心圆形125g*2包+奶油夹心直条125g 巧克力夹心圆形125g*2包+奶油味酥脆（无夹心）125g 奶油夹心圆形125g*3包 奶油夹心圆形125g 巧克力夹心圆形125g 奶油夹心直条125克 榛子奶油夹心直条125g	产地: 意大利
生产许可证编号：SC10844078300039	厂名：广东嘉士利食品集团有限公司	厂址：广东省江门市开平市长沙港口路18号	厂家联系方式：4006333876	配料表：详情见包装	储藏方法：置于阴凉干燥处	保质期：365 天	产品名称：嘉士利 果乐果香夹心饼干礼...	品牌: 嘉士利	系列: 果乐果香夹心饼干礼盒装680g
生产许可证编号：SC10811310111839	厂名：亿滋食品（北京）有限公司	厂址：北京市北京经济技术开发区东区经海三路148号	厂家联系方式：40088185536	储藏方法：存放于阴凉干燥处	保质期：270 天	品牌: 奥利奥	系列: 原味夹心饼干1000g	热销系列: 其它	口味: 奥利奥原味1000g【约48包】 奥利奥巧克力味1000g【3片装约32包】 奥利奥草莓味1000g【3片装约32包】 原味+巧克力+草莓混合2斤【3片装约32包】 【2/3片装】奥利奥多口味混合1000g 趣多多曲奇多口味混合1000g【约45包】 奥利奥原味1500g【约72包】 奥利奥巧克力味1500g【3片装约48包】 奥利奥草莓味1500g【3片装约48包】 原味+巧克力+草莓混合3斤【3片装约48包】 【2/3片装】奥利奥多口味混合1500g 趣多多曲奇多口味混合1500g【约67包】 趣多多香脆巧克力味1000g【8月10-12日到期】 趣多多香脆巧克力味2000g【8月10-12日到期】
生产许可证编号：SC10844078300039	产品标准号：GB/T20980	厂名：广东嘉士利食品集团有限公司	厂址：广东省江门市开平市长沙港口路18号	厂家联系方式：400-6333876	配料表：小麦粉、植物油、白砂糖等	储藏方法：置于阴凉干燥处 避免阳光直射	保质期：365 天	食品添加剂：详情请见包装	品牌: 嘉士利
生产许可证编号：SC12412011600165	厂名：天津顶园食品有限公司	厂址：天津经济技术开发区洞庭路161号	厂家联系方式：4006185588	配料表：详情请见包装	储藏方法：置于阴凉干燥处 避免阳光直射	保质期：365 天	食品添加剂：无	品牌: 康师傅	系列: 康师傅3+2甜苏打饼干
生产许可证编号：SC12412011600165	厂名：天津顶园食品有限公司	厂址：天津经济技术开发区洞庭路161号	厂家联系方式：18352803666	保质期：365 天	品牌: 康师傅	系列: 乐芙球6盒	热销系列: 组合系列	口味: （推荐）牛奶+巧克力+草莓各2盒 牛奶味3盒+巧克力味3盒 巧克力味3盒+草莓味3盒 牛奶味3盒+草莓味3盒 牛奶味50g*6盒 巧克力味50g*6盒 草莓味50g*6盒	产地: 中国大陆
厂名：江崎株式会社	厂址：阪市西町川区歌岛4-6-5	厂家联系方式：0120-560-0906	配料表：面粉，白砂糖，食用盐，食品添加剂等	储藏方法：请置于阴凉干燥处	保质期：365 天	品牌: glico/格力高	系列: 乳酸菌饼干	口味: 推荐---原味*1+黄油味*1+巧克力味*1 原味*3盒 黄油味*3盒 烤巧克力味*3盒 【3盒装】原味*2盒+黄油*1盒 【3盒装】原味*1盒+黄油*2盒 【3盒装】原味*2+烤巧克力味*1 【3盒装】黄油味*2+巧克力味*1 【6盒装】原味*3+黄油味*3 【6盒装】原味*6 【6盒装】黄油味*6 【超划算10盒】原味*10 【超划算10盒】黄油味*10 【超划算10盒】原味*5+黄油味*5	产地: 日本
生产许可证编号：SC10811310111839	厂名：亿滋食品（北京）有限公司	厂址：北京市北京经济技术开发区东区经海三路148号	厂家联系方式：-	配料表：详情见包装	储藏方法：请置于阴凉干燥处	保质期：270 天	品牌: 奥利奥	系列: 97g-整箱	口味: 夹心轻甜116g*24盒【整箱】 冰淇淋抹茶97g*24盒【整箱】 白桃乌龙97g*24盒【整箱】 香草味97g*24盒【整箱】 柠檬芝士蛋糕95g*24盒【整箱】 提拉米苏95g*24盒【整箱】 草莓酸奶95g*24盒【整箱】 香草慕斯95g*24盒【整箱】 原味116克*24盒 草莓味116g*24盒 巧克力味116克*24盒
厂名：童城（福建）营养食品有限公司	厂址：龙海市海澄食品工业区	厂家联系方式：15910255236	保质期：360 天	食品添加剂：不含	品牌: 布拉粉	适用年龄: 3岁	产地: 中国大陆	口味: 草莓饼干 胡萝卜饼干	包装种类: 盒装
生产许可证编号：SC10831011201332	厂名：上海江崎格力高食品有限公司闵行第二分公司	厂址：上海市闵行区江川路街道绿春路280号	厂家联系方式：021-63260088	保质期：365 天	品牌: glico/格力高	系列: 心心小圆饼系列	口味: 心心小圆饼芝士海盐味15g*20袋 心心小圆饼牛奶海盐味15g*20袋 心心小圆饼芝士海盐味15g*10袋+牛奶海盐味15g*10袋 心心小圆饼芝士海盐味15g*40袋 心心小圆饼牛奶海盐味15g*40袋	产地: 中国大陆	省份: 上海
生产许可证编号：SC10837082900271	产品标准号：GB/T 20980	厂名：伟龙食品有限公司	厂址：济宁经济技术开发区嘉新路西、济宁经济开发区嘉新路西	厂家联系方式：0537-2217388	配料表：小麦粉，植物油(含特丁基对苯二酚)，猪骨 汤(≥10%)，白砂糖，果葡糖浆，脱水青梗菜(≥3.4%)， 脱水胡萝卜(≥2.8%)	储藏方法：请置于清洁、通风、干燥处	保质期：360 天	食品添加剂：碳酸氢钠，碳酸氢铵，磷脂，焦亚硫酸钠，	品牌: 伟龙
生产许可证编号：SC12412011600165	厂名：天津顶园食品有限公司	厂址：天津经济技术开发区洞庭路161号	厂家联系方式：020-28185749	配料表：小麦粉、精炼植物油、食用葡萄糖、低聚麦芽糖、全脂乳粉、 白砂糖、麦芽糊精、果葡糖浆、淀粉、食用盐、麦芽提取物等	储藏方法：置于阴凉干燥处	保质期：365 天	食品添加剂：详见包装	品牌: 康师傅	系列: 3+2酥松夹心饼干118g
生产许可证编号：SC10835068100864	产品标准号：GB/T 20980	厂名：龙海市鸿福伟业食品有限公司	厂址：龙海市海澄镇大众北路30号	厂家联系方式：18159573055	配料表：小麦粉.食用油.葡萄糖.白砂糖.起酥油.食用盐	储藏方法：于干燥阴凉处贮存	保质期：270 天	食品添加剂：见包装	品牌: 良山谷珍
生产许可证编号：SC10844078300039	厂名：广东嘉士利食品集团有限公司	厂址：广东省江门市开平市长沙港口路18号	厂家联系方式：400-6333876	保质期：365 天	食品添加剂：见包装	品牌: 嘉士利	系列: 2546	口味: 嘉士利167g原味早餐饼无赠品 【300g】默认发蓝莓味*1盒(下单送丽芝士威化1包) 680g礼盒装蓝莓味(下单送丽芝士威化1包) 680g礼盒装凤梨味(下单送丽芝士威化1包) 680g礼盒装草莓味(下单送丽芝士威化1包). 300g草莓味+300g凤梨味(下单送丽芝士威化1包) 680g凤梨味+680g草莓味(下单送丽芝士威化1包) 680g蓝莓味+680g凤梨味(下单送丽芝士威化1包) 680g蓝莓味+680g草莓味(下单送丽芝士威化1包) 680g礼盒装两箱随机发货(下单送丽芝士威化1包) 680g蓝莓味+600g草莓味(下单送丽芝士威化1包) 680g蓝莓味+600g蓝莓味(下单送丽芝士威化1包) 680g蓝莓味+600g凤梨味(下单送丽芝士威化1包) 【共3盒】680g蓝莓味+300g草莓味+300g凤梨味 【限量】1200g蓝莓味(下单送丽芝士威化1包) 【共980g】680g草莓味+300g蓝莓味(下单送丽芝士威化1包) 【共980g】680g草莓味+300g凤梨味(下单送丽芝士威化1包) 680g果乐果香（蓝莓味）(下单送丽芝士威化1包) 680g果乐果香（凤梨味）(下单送丽芝士威化1包) 680g果乐果香（草莓味）(下单送丽芝士威化1包) 68g小脆薯片*2(下单送丽芝士威化1包)	产地: 中国大陆
生产许可证编号：SC11332057100228	厂名：亿滋食品（苏州）有限公司	厂址：江苏省苏州工业园区星龙街宋巷1号	厂家联系方式：8008105536	保质期：365 天	品牌: 奥利奥	系列: 奥利奥夹心樱花草莓口味388克	产地: 中国大陆	省份: 北京	包装方式: 盒装
生产许可证编号：SC10832057100331	厂名：亿滋食品(苏州)有限公司湖西分公司	厂址：江苏省苏州工业园区白榆路51号	厂家联系方式：021-61837618	配料表：食品	储藏方法：常温	保质期：270 天	食品添加剂：食品	品牌: 奥利奥	系列: 亿滋奥利奥巧心结阳光草莓味47g
生产许可证编号：SC12413100400013	厂名：好丽友食品有限公司	厂址：河北省廊坊市廊坊经济技术开发区汇源道南,全兴路东,锦华路西;廊坊经济技术开发区汇源道东南;廊坊经济技	厂家联系方式：400-683-0066	配料表：详见包装	储藏方法：置于阴凉干燥处、避免阳光直射	保质期：365 天	食品添加剂：详见包装	品牌: ORION/好丽友	系列: 蘑古力*20盒
生产许可证编号：SC11344190005110	产品标准号：GB/T20980	厂名：东莞亿智食品有限公司	厂址：东莞市东坑镇凤大工业区1号	厂家联系方式：4006120918	配料表：详见包装	储藏方法：详见包装	保质期：365 天	食品添加剂：详见包装	品牌: 小猪佩奇
生产许可证编号：SC10844078300039	厂名：广东嘉士利食品集团有限公司	厂址：广东省江门市开平市长沙港口路18号	厂家联系方式：400-6333876	配料表：小麦粉、植物油、白砂糖等	储藏方法：于阴凉干燥处，避免阳光直射	保质期：365 天	食品添加剂：详情请见包装	产品名称：嘉士利 果乐果香夹心饼干礼...	品牌: 嘉士利
生产许可证编号：SC10835068103767	厂名：龙海市祥盖好食品有限公司	厂址：龙海市海澄镇海口路11-1号	厂家联系方式：05966757866	配料表：小麦粉 食用棕榈油 葡萄糖 白砂糖 起酥油 食用盐	保质期：300 天	食品添加剂：见包装	品牌: 简瑞	系列: 160957753746804	热销系列: 组合系列
生产许可证编号：SC10811310111839	厂名：亿滋食品（北京）有限公司	厂址：北京市北京经济技术开发区东区经海三路148号	厂家联系方式：4008185536	保质期：365 天	品牌: 奥利奥	系列: 巧克力夹心饼干	口味: 【80%的亲选择】原味116g*4盒 轻甜味116g*4盒 巧克力味116g*4盒 草莓味116g*4盒 巧克力味116g*1盒 原味116g*1盒 草莓味116g*1盒 轻甜味116g*1盒 原味116g*2盒+轻甜味116g*2盒 原味116g2盒+草莓味116g*2盒 原味116g2盒+巧克力味116g*2盒 轻甜味116g*2盒+草莓味116g*2盒 轻甜味116g*2盒+巧克力味116g*2盒 草莓味116g*2盒+草莓味116g*2盒 116g四个口味各1盒（共4盒） 收藏加购优先发货	产地: 中国大陆	省份: 北京
生产许可证编号：SC10811310111839	厂名：亿滋食品（北京）有限公司	厂址：北京市北京经济技术开发区东区经海三路148号	厂家联系方式：4008185536	配料表：见包装	储藏方法：见包装	保质期：365 天	食品添加剂：见包装	品牌: 奥利奥	系列: 樱花抹茶味白桃乌龙味系列
生产许可证编号：SC10837061300532	厂名：烟台市儿童食品厂	厂址：山东省烟台市莱山区盛泉工业园东兴路6号	厂家联系方式：0535-2100339	配料表：全麦粉、草莓粉（添加量≥7%）、玉米粉、黑米粉、小米粉、蔓越莓粉、植物油、木糖醇（添加量≥2%）	储藏方法：常温保存，避免存放在阳光直射和高温潮湿之处	保质期：365 天	品牌: 喜滋羊	系列: 草莓饼干	口味: 草莓饼干（拍二发三）【收藏加购享优先发货！】
厂名：明治	厂址：新加坡	厂家联系方式：0573-89858168	配料表：见包装	储藏方法：阴凉干燥处，避免阳光直射	保质期：360 天	食品添加剂：见包装	品牌: Meiji/明治	系列: 小熊饼干	口味: 4盒椰子夹心 4盒奶油夹心 4盒巧克力夹心 4盒双重巧克力夹心 4盒抹茶夹心 4盒草莓夹心味 4盒巧克力奶油夹心 自选4盒（无备注随机发）
生产许可证编号：SC10844520302915	厂名：广东汇巢食品实业有限公司	厂址：揭阳市揭东区锡场镇锡西村工业区38号	厂家联系方式：13433870892	配料表：见包装	储藏方法：放置于阴凉干燥处	保质期：365 天	食品添加剂：见包装	品牌: 麦佳滋	系列: 马卡龙xXnZ
生产许可证编号：SC10811310111839	厂名：亿滋食品（北京）有限公司	厂址：北京市北京经济技术开发区东区经海三路148号	厂家联系方式：8008105536	保质期：270 天	品牌: 奥利奥	系列: 奥利奥夹心饼干散装2500g整箱...	口味: 【原味】 夹心饼干500g 【巧克力味】夹心饼干500g 【草莓味】夹心饼干500g 【混合口味】夹心饼干500g 【原味】500g+【草莓味】500g 【原味】500g+【巧克力味】500g 【巧克力】500g+【草莓味】500g 【原味】1000g 【混合味】1000g 【草莓味】1000g 【巧克力味】1000g	产地: 中国大陆	省份: 北京
生产许可证编号：SC10844078300039	厂名：广东嘉士利食品集团有限公司	厂址：广东省江门市开平市长沙港口路18号	厂家联系方式：020-37412072	配料表：小麦粉、植物油、白砂糖等	储藏方法：置于阴凉干燥处、避免阳光直射及高温	保质期：360 天	食品添加剂：见包装	品牌: 嘉士利	系列: 果乐果香夹心饼干礼盒装680gx2盒
生产许可证编号：SC10831011200143	厂名：上海江崎格力高食品有限公司闵行第一分公司	厂址：上海市闵行区江川路街道中屏路8号	厂家联系方式：02163260088	保质期：365 天	品牌: glico/格力高	系列: 百奇饼干55g*6盒	口味: 【百奇】随机口味混合3盒（顺丰包邮） 【百奇】4-5味混合5盒（顺丰包邮） 【百奇】4-6味混合6盒（已优惠3元，顺丰包邮） 【百奇】巧克力味55g*3盒（顺丰包邮） 【百奇】草莓味55g*3盒（顺丰包邮） 【百奇】牛奶味55g*3盒（顺丰包邮） 【百奇】蜜桃味55g*3盒（顺丰包邮） 【百奇】抹茶味50g*3盒（顺丰包邮） 【百奇】蓝莓树莓味55g*3盒（顺丰包邮） 【百奇】双重巧克力味50g*3盒（顺丰包邮） 【百奇】巧克力味55g*6盒（已优惠3元，顺丰包邮） 【百奇】草莓味55g*6盒（已优惠3元，顺丰包邮） 【百奇】牛奶味55g*6盒（已优惠3元，顺丰包邮） 【百奇】蓝莓树莓味55g*6盒（已优惠3元，顺丰包邮） 【百奇】蜜桃味55g*6盒（已优惠3元，顺丰包邮） 【百奇】抹茶味50g*6盒（已优惠3元，顺丰包邮） 【百奇】双重巧克力味50g*6盒（已优惠3元，顺丰包邮） 【百醇】随机口味混合3盒（顺丰包邮） 【百醇】巧克力味48g*3盒（顺丰包邮） 【百醇】牛奶味48g*3盒（顺丰包邮） 【百醇】提拉米苏味48g*3盒（顺丰包邮） 【百醇】抹茶慕斯味48g*3盒（顺丰包邮） 【百醇】芝士蛋糕味48g*3盒（顺丰包邮） 【百醇】草莓香草味48g*3盒（顺丰包邮） 【百醇】榛仁巧克力味48g*3盒（顺丰包邮） 【百醇】朗姆红提味48g*3盒（顺丰包邮） 【百力滋】随机口味混合3盒（顺丰包邮） 【百力滋】海盐白脱味65g*3盒（顺丰包邮） 【百力滋】微辣虾味65g*3盒（顺丰包邮） 【百力滋】凯撒色拉味65g*3盒（顺丰包邮） 【百力滋】比萨味65g*3盒（顺丰包邮） 【百力滋】特浓番茄味60g*3盒（顺丰包邮） 【百力滋】韩式海苔味60g*3盒（顺丰包邮）	产地: 中国大陆	省份: 上海
生产许可证编号：SC10851010900100	厂名：成都新成食品工业有限公司	厂址：四川省成都高新区新园大道1号	厂家联系方式：02164307766	保质期：365 天	品牌: 康元	系列: 康元提子饼干200g	热销系列: 薄饼	口味: 康元提子饼干200g*1袋 康元椰子奶油饼干200g*2袋 康元朱古力饼干200g*2袋 康元提子饼干200g*2袋 【提子饼干+椰子奶油】各一袋 【朱古力+提子饼干】各一袋 【朱古力+椰子奶油】各一袋 康元饼干200g【提子+朱古力+椰子奶油】各一袋 康元朱古力饼干200g*3袋 康元椰子奶油饼干200g*3袋 康元提子饼干200g*3袋 康元提子饼干200g*5袋 康元提子饼干200g*8袋 康元饼干200g【提子1+椰子奶油2+朱古力2】共5袋	产地: 中国大陆
生产许可证编号：SC10844190002433	产品标准号：GB/T 20980	厂名：广东金富士生物科技食品有限公司	厂址：东莞市东城区上桥工业区桥石路10号	厂家联系方式：0769-22621998	配料表：小麦粉、白砂糖、棕榈油等	储藏方法：置于阴凉干燥处	保质期：365 天	食品添加剂：碳酸氢钠等	品牌: GOLDEN FUJI/金富士
生产许可证编号：SC10844078300039	厂名：广东嘉士利食品集团有限公司	厂址：广东省江门市开平市长沙港口路18号	厂家联系方式：4006333876	保质期：365 天	品牌: 嘉士利	系列: 嘉士利果酱1500g箱装	口味: 蓝莓味680克1盒【约40包80枚饼干】 草莓味680克1盒【约40包80枚饼干】 香橙味680克1盒【约40包80枚饼干】 蓝莓味680g*2箱 草莓味680g*2箱 香橙味680g*2箱 蓝莓味680g*1箱+草莓味680g*1箱 蓝莓味680g*1箱+香橙味680g*1箱 草莓味680g*1箱+香橙味680g*1箱	产地: 中国大陆	省份: 广东省
生产许可证编号：SC10811310111839	厂名：亿滋食品（北京）有限公司	厂址：北京市北京经济技术开发区东区经海三路148号	厂家联系方式：4008185536	保质期：360 天	品牌: 奥利奥	系列: 奥利奥组合系列	口味: 【696g*2盒】原味696g【内含24包】 【696g*1盒】巧克力味696g【内含12包】 【696g*1盒】原味696g【内含12包】 【696g*混搭2盒】巧克力味696g+草莓味466g【内含20包】 【696g*混搭2盒】巧克力味696g+原味696g【内含24包】 【696g*混搭2盒】原味696g+草莓味466g【内含20包】 【696g*混搭3盒】原味696g+巧克力696g+草莓味466g【内含32包】 【466g*1盒】草莓味466g【内含8包】 【466g*混搭2盒】原味466g+草莓味466g【内含16包】 【粉色季节限定*1盒】樱花草莓味388g【内含8包】. 【粉色季节限定*2盒】樱花草莓味97g【内含4包】. 【季节限定*1盒】白桃乌龙味388g【内含8包】. 【季节限定*2盒】白桃乌龙味97g【内含4包】. 【季节限定*1盒】酸甜青梅味388g【内含8包】 【季节限定*2盒】酸甜青梅味97g【内含4包】 【58g*混搭6包】原味3+巧克力3【6独立包】 【466g*1盒】原味466g【内含8包】特价7月30日到期 【466g*混搭2盒】原味466g+巧克力味466g【内含16包】特价7月30到期 【特价97克*3盒】葡萄水蜜桃1+蓝莓树莓1+生日蛋糕1 【466g*1盒】巧克力味466g【内含8包】特价8月28日到期 【特价9.9元2盒】生日蛋糕味97克*2（产品9月4日到期） 【466g*1盒】轻甜味466g【内含8包】特价7月16日到期 【特价12.9元2盒】树莓蓝莓味97克*2（产品10月18日到期） 【特价3盒116g】原味1+巧克力味1+草莓味1（产品约8月中到期）	产地: 中国大陆	省份: 江苏省
厂名：茱莉制造有限公司	厂址：马来西亚	厂家联系方式：021-62840320	配料表：小麦粉、植物油（棕榈油）、白砂糖、干酪粉、脱脂奶粉、乳糖、玉米淀粉、葡萄糖浆、乳清粉、食盐、焦磷酸二氢二钠、碳酸氢铵、碳酸氢钠、大豆磷脂、胭脂树橙、姜黄、酵母、食用香料。	储藏方法：置阴凉干燥处存放，避免阳光直	保质期：450 天	食品添加剂：见包装	品牌: Julie＇s/茱蒂丝	系列: 花生酱540g+起士三明治504g	口味: 花生酱夹心饼干540g+起士夹心饼干504g 起士夹心饼干504g+奶油苏打饼干500g 花生酱夹心饼干540g+奶油苏打饼干500g 起士夹心饼干504g*2盒 奶油苏打饼干500g*2盒 花生酱夹心饼干540g*2盒
厂名：童城（福建）营养食品有限公司	厂址：龙海市海澄食品工业区	厂家联系方式：15910255236	保质期：360 天	食品添加剂：不含	品牌: 布拉粉	适用年龄: 3岁	产地: 中国大陆	口味: 草莓饼干 胡萝卜饼干	包装种类: 盒装
生产许可证编号：SC10831011201332	厂名：上海江崎格力高食品有限公司闵行第二分公司	厂址：上海市闵行区江川路街道绿春路280号	厂家联系方式：021-63260088	保质期：365 天	品牌: glico/格力高	系列: 心心小圆饼系列	口味: 心心小圆饼芝士海盐味15g*20袋 心心小圆饼牛奶海盐味15g*20袋 心心小圆饼芝士海盐味15g*10袋+牛奶海盐味15g*10袋 心心小圆饼芝士海盐味15g*40袋 心心小圆饼牛奶海盐味15g*40袋	产地: 中国大陆	省份: 上海
生产许可证编号：SC10435068108888	产品标准号：GB/T 20980	厂名：童城（福建）营养食品有限公司	厂址：龙海市海澄食品工业区	厂家联系方式：010-56706899	配料表：详见详情配料表	储藏方法：请置于阴凉干燥通风处	保质期：365 天	食品添加剂：详见详情配料表	品牌: 稻田村
生产许可证编号：SC10811310111839	厂名：亿滋食品（北京）有限公司	厂址：北京市北京经济技术开发区东区经海三路148号	厂家联系方式：4008185536	保质期：365 天	品牌: 奥利奥	系列: 季节限定	口味: 【故宫联名款】97g荔香玫瑰糕味*2盒（内含4包） 【亏本冲量】388g樱花草莓*1盒（内含8包） 【亏本冲量】388g酸甜青梅*1盒（内含8包） 【散装】限定款--樱花草莓味500g（约25小包） 【散装】限定款--酸甜青梅味500g（约25小包） 【散装】（樱花草莓+酸甜青梅）500g 【粉色奥利奥】97g樱花草莓*3盒（内含6包） 【热卖组合】97g樱花草莓*1盒+97g酸甜青梅*1盒 【粉色奥利奥】97g樱花草莓*2盒（内含4包） 【青色奥利奥】97g酸甜青梅*2盒（内含4包） 【热卖组合】97g樱花草莓*1盒+97g白桃乌龙*1盒 【热卖组合】97g樱花草莓*1盒+97g荔香玫瑰糕*1盒 巧轻脆混合4盒：(柠檬芝士+提拉米苏+香草慕斯+草莓酸奶) 116g混合4盒：(原味2+巧克力1+草莓1) 97g混合4盒：（白桃乌龙/抹茶/蓝莓树莓/水蜜桃）	产地: 中国大陆	省份: 江苏省
生产许可证编号：SC10811310111839	厂名：亿滋食品（北京）有限公司	厂址：北京市北京经济技术开发区东区经海三路148号	厂家联系方式：8008105536	配料表：小麦粉，白砂糖，食用植物油，可可粉，淀粉，食品添加剂(碳酸氢钠，碳酸氢铵，大豆磷脂，柠檬酸)，食用盐，食用香精香料。	储藏方法：请置于阴凉干燥处，开袋后请尽快食用。	保质期：270 天	品牌: 奥利奥	系列: 696*2	口味: 【店长推荐】轻甜夹心466g 【共8包】原味466g*1盒 【共8包】巧克力466g*1盒 【共8包】轻甜夹心466g*1盒 【共8包】草莓味466g*1盒 【共12包】原味696g*1盒 【共12包】巧克力味696g*1盒 【量贩装共24包】原味696g*2盒（特惠组合） 【量贩装共24包】巧克力味696g*2盒（特惠组合） 【量贩装共24包】巧克力味696g+原味696g（特惠组合） 【量贩组合共20包】奥利奥原味696g+轻甜夹心466g 【量贩组合共20包】奥利奥原味696g+巧克力味466g 【量贩组合共20包】奥利奥原味696g+草莓味466g 原味116*3盒（共6包）
生产许可证编号：SC10832057100331	厂名：亿滋食品(苏州)有限公司湖西分公司	厂址：江苏省苏州工业园区白榆路51号	厂家联系方式：4008185536	保质期：365 天	品牌: 奥利奥	系列: 季节限定388g	口味: 【划算推荐！】酸甜青梅味388g*2盒（16包） 酸甜青梅97g*6盒（12包） 樱花草莓97g*6盒-（12包） 樱花草莓97g*3盒+酸甜青梅97g*3盒（12包）	产地: 中国大陆	省份: 江苏省
生产许可证编号：SC10835068100864	厂名：龙海市鸿福伟业食品有限公司	厂址：龙海市海澄镇大众北路30号	厂家联系方式：18159573055	配料表：小麦粉.食用油.葡萄糖.白砂糖，等	储藏方法：589564020144于阴凉干燥处贮存	保质期：270 天	食品添加剂：见包装	品牌: 麦佳滋	系列: 夹心饼干
生产许可证编号：SC10844078300039	产品标准号：GB/T 20980	厂名：广东嘉士利食品集团有限公司	厂址：广东省江门市开平市长沙港口路18号	厂家联系方式：400-633-3876	储藏方法：请置于阴凉干燥处	保质期：365 天	品牌: 嘉士利	系列: 嘉士利果乐果香1025g	热销系列: 组合系列
生产许可证编号：SC10844078300039	产品标准号：GB/T20980	厂名：广东嘉士利食品集团有限公司	厂址：广东省江门市开平市长沙港口路18号	厂家联系方式：4006333876	配料表：详见包装	储藏方法：详见包装	保质期：365 天	食品添加剂：详见包装	品牌: 嘉士利
生产许可证编号：SC10811310111839	厂名：亿滋食品（北京）有限公司	厂址：北京市北京经济技术开发区东区经海三路148号	厂家联系方式：8008105536	配料表：详见外包装	保质期：270 天	食品添加剂：详见外包装	品牌: 奥利奥	系列: _1626395783151	口味: 【50包/2块装】经典原味,（共100块约2斤）【店长推荐】 【50包/2块装】原味+草莓味（ 约2斤/随机比例） 【50包/2块装】草莓味（共100块约2斤） 【50包/2块装】原味+巧克力味（ 约2斤/随机比例） 【50包/2块装】原味+巧克力味+草莓味（随机比例） 【50包/2块装】樱花草莓味【限定款/粉色饼干】约2斤 【50包/2块装】酸甜青梅味【限定款/绿色饼干】约2斤 【50包/2块装】樱花草莓味+酸甜青梅味（ 约2斤/随机比例） 【50包/2块装】巧克力味（共100块约2斤） 【50包/2块装】生日蛋糕味（共100块约2斤） 【50包/2块装】双果（葡萄+蜜桃）味（共100块约2斤） 【50包/2块装】 随机口味混搭 【25包/2块装】经典原味（约1斤）【浅尝推荐】 【25包/2块装】随机口味混搭【浅尝推荐】 【25包/2块装】草莓味（约1斤）【浅尝推荐】 【25包/2块装】巧克力味（约1斤）【浅尝推荐】
生产许可证编号：SC10844130200078	厂名：骏发（惠州）饼干厂有限公司	厂址：广东省惠州市惠城区水口街道办事处统N东路5号	厂家联系方式：43658	配料表：见包装	储藏方法：见包装	保质期：365 天	食品添加剂：见包装	品牌: Meiji/明治	系列: 6杯装欣欣杯
生产许可证编号：SC11334128205861	产品标准号：GB/T19343	厂名：安徽金诺食品有限公司	厂址：安徽省阜阳市界首市工业园区胜利路	厂家联系方式：13385670619	配料表：见包装	储藏方法：见包装	保质期：360 天	食品添加剂：见包装	品牌: 松福堂
厂名：株式会社可来运海太控股集团	厂址：韩国	厂家联系方式：15806301992	配料表：详见外包装	储藏方法：存放于阴凉干燥处，避免高温阳光直射	保质期：365 天	食品添加剂：详见外包装	品牌: 克丽安	系列: 克丽安小包装	热销系列: 组合系列
生产许可证编号：SC10844190002433	厂名：东莞市金富士食品有限公司	厂址：东莞市东城区上桥工业区	厂家联系方式：021-36120617	配料表：详情见外包装	保质期：365 天	食品添加剂：详情见外包装	品牌: Totaste	系列: 360g系列	热销系列: 组合系列
生产许可证编号：SC10811310111839	厂名：亿滋食品（北京）有限公司	厂址：北京市北京经济技术开发区东区经海三路148号	厂家联系方式：8008105536	配料表：小麦粉，白砂糖等。	储藏方法：置于阴凉干燥处，避免阳光直射。	保质期：270 天	食品添加剂：详见包装	品牌: 奥利奥	系列: 夹心饼干500g
厂名：吉波里控股株式会社	厂址：日本神奈川县汤河原市土肥1-15-4/ 日本山梨县甲府市下曾根町3402-3山梨县食品工业团地	厂家联系方式：+81-465-63-5031	配料表：小麦粉、乳糖、鸡蛋等请详见产品背面中文标签纸	储藏方法：避光常温	保质期：270 天	食品添加剂：请详见产品背面中文标签纸	品牌: 红帽子	系列: Kukkia夹心饼干	热销系列: 组合系列
生产许可证编号：SC10844078300039	厂名：广东嘉士利食品集团有限公司	厂址：广东省江门市开平市长沙港口路18号	厂家联系方式：400-633-3876	配料表：详情见包装	储藏方法：阴凉干燥处	保质期：365 天	品牌: 嘉士利	系列: 果乐果香	热销系列: 脆饼
生产许可证编号：SC10844078300039	厂名：广东嘉士利食品集团有限公司	厂址：广东省江门市开平市长沙港口路18号	厂家联系方式：0000	配料表：详情见包装	储藏方法：置于阴凉干燥处	保质期：365 天	品牌: 嘉士利	系列: 夹心饼干85g袋装	口味: 草莓味85g*3包 凤梨味85g*3包 哈密瓜味85g*3包 蓝莓味85g*3包 青柠味85g*3包 香橙味85g*3包 草莓味85g*6包 凤梨味85g*6包 哈密瓜味85g*6包 蓝莓味85g*6包 青柠味85g*6包 香橙味85g*6包 草莓味85g*12包 凤梨味85g*12包 哈密瓜味85g*12包 蓝莓味85g*12包 青柠味85g*12包 香橙味85g*12包 混合装*3包【可备注口味】 混合装*6包【可备注口味】 混合装*12包【可备注口味】 草莓味680g【礼盒装】 凤梨味680g【礼盒装】 蓝莓味680g【礼盒装】 榴莲味680g【礼盒装】 青柠味680g【礼盒装】 香橙味680【礼盒装】
生产许可证编号：SC10837061300532	厂名：烟台市儿童食品厂	厂址：山东省烟台市莱山区盛泉工业园东兴路6号	厂家联系方式：0535-2100339	配料表：全麦粉、草莓粉（添加量≥7%）、玉米粉、黑米粉、小米粉、蔓越莓粉、植物油、木糖醇（添加量≥2%）	储藏方法：常温保存，避免存放在阳光直射和高温潮湿之处	保质期：365 天	品牌: 健元堂	系列: 健康好吃草莓饼干	口味: 健康营养好吃的草莓饼干1盒装 拍2送1划算~
生产许可证编号：SC10811310111839	厂名：亿滋食品（北京）有限公司	厂址：北京市北京经济技术开发区东区经海三路148号	厂家联系方式：8008105536	配料表：详见外包装	保质期：270 天	食品添加剂：详见外包装	品牌: 奥利奥	系列: _1626395751344	口味: 【促销优惠】【整箱3kg】草莓味（2块装） 【整箱3kg】巧克力味（2块装） 【整箱3kg】生日蛋糕味（2块装） 【整箱3kg】双果（葡萄+蜜桃）味（2块装） 【整箱3kg】酸甜青梅味（2块装） 【整箱3kg】樱花草莓味（2块装）
生产许可证编号：SC12412011600165	厂名：天津顶园食品有限公司	厂址：天津经济技术开发区洞庭路161号	厂家联系方式：4006510022	保质期：360 天	品牌: 康师傅	系列: 甜/咸酥夹心饼干	口味: 【2包】【果香蓝莓味80g*2】 【2包】【奶油芝士味80g*2】 【2包】【清新柠檬味80g*2】 【2包】【榛子巧克力味80g*2】 【2包】【葱香奶油味80g*2】 【3包】【混合口味80g*3】 【3包】【果香蓝莓味80g*3】 【3包】【奶油芝士味80g*3】 【3包】【清新柠檬味80g*3】 【3包】【葱香奶油味80g*3】 【3包】【榛子巧克力味80g*3】 【5包】【随机混合口味*5】 【5包】【果香蓝莓味80g*5】 【5包】【奶油芝士味80g*5】 【5包】【清新柠檬味80g*5】 【5包】【葱香奶油味80g*5】 【5包】【榛子巧克力味80g*5】	产地: 中国大陆	省份: 天津
生产许可证编号：SC10831011600788	厂名：上海麦宝食品有限公司	厂址：上海市金山区亭卫公路1428号	厂家联系方式：8008105536	保质期：270 天	品牌: 奥利奥	系列: mini饼干55g*24桶	口味: 原味整箱55g*24桶（顺丰包邮） 草莓味整箱55g*24桶（顺丰包邮） 巧克力味整箱55g*24桶（顺丰包邮） 混合口味整箱55g*24桶（顺丰包邮）	产地: 中国大陆	省份: 上海
厂名：童城（福建）营养食品有限公司	厂址：龙海市海澄食品工业区	厂家联系方式：15910255236	保质期：360 天	食品添加剂：不含	品牌: 布拉粉	适用年龄: 3岁	产地: 中国大陆	口味: 草莓饼干 胡萝卜饼干	包装种类: 盒装
生产许可证编号：SC10435068108888	产品标准号：GB/T 20980	厂名：童城（福建）营养食品有限公司	厂址：龙海市海澄食品工业区	厂家联系方式：010-56706899	配料表：详见详情配料表	储藏方法：请置于阴凉干燥通风处	保质期：365 天	食品添加剂：详见详情配料表	品牌: 稻田村
生产许可证编号：SC10831011201332	厂名：上海江崎格力高食品有限公司闵行第二分公司	厂址：上海市闵行区江川路街道绿春路280号	厂家联系方式：021-63260088	保质期：365 天	品牌: glico/格力高	系列: 心心小圆饼系列	口味: 心心小圆饼芝士海盐味15g*20袋 心心小圆饼牛奶海盐味15g*20袋 心心小圆饼芝士海盐味15g*10袋+牛奶海盐味15g*10袋 心心小圆饼芝士海盐味15g*40袋 心心小圆饼牛奶海盐味15g*40袋	产地: 中国大陆	省份: 上海
厂名：明治制果（新加坡）有限公司	厂址：新加坡	厂家联系方式：010-87576181	保质期：365 天	品牌: Meiji/明治	系列: 7种口味任选装	口味: 【买4盒送3盒】【7口味各一】（可备注口味） 【买4盒送3盒】【草莓夹心】 【买4盒送3盒】【奶油夹心】 【买4盒送3盒】【巧克力夹心】 【买4盒送3盒】【抹茶夹心】 【买4盒送3盒】【巧克力奶油夹心】 【买4盒送3盒】【双重巧克力夹心】 【买4盒送3盒】【椰子夹心】 【超值6盒装】6个口味各一！ 【超值6盒装】【草莓夹心】 【超值6盒装】【奶油夹心】 【超值6盒装】【双重巧克力夹心】 【超值6盒装】【巧克力奶油夹心】 【超值6盒装】【抹茶夹心】 【超值6盒装】【巧克力夹心】 【超值6盒装】【椰子夹心】 巧克力夹心1盒装 草莓夹心1盒装 双重巧克力夹心1盒装 奶油夹心1盒装 抹茶夹心1盒装 巧克力奶油夹心1盒装 椰子夹心1盒装 6袋实惠袋装（随机口味）	产地: 新加坡	包装方式: 包装	是否进口: 进口
生产许可证编号：SC12412011600165	产品标准号：GB 7100	厂名：天津顶园食品有限公司	厂址：天津经济技术开发区洞庭路161号	厂家联系方式：4006185588	配料表：小麦粉、白砂糖、食用盐、淀粉等	储藏方法：置于阴凉干燥处	保质期：365 天	食品添加剂：详情见包装	品牌: 康师傅
生产许可证编号：SC10844190004201	厂名：东莞市丰熙食品有限公司	厂址：东莞市大朗镇水平村象山工业园象和路二巷38号	厂家联系方式：0755-23611513	保质期：365 天	品牌: Franzzi/法丽兹	系列: HQ*52	热销系列: 组合系列	口味: 香草冰淇淋味62g*2 布朗尼巧克力味62g*2 乳酸菌草莓味62g*2 提拉米苏咖啡味62g*2	颜色分类: 嘿曲夹心曲奇
生产许可证编号：SC10811310111839	厂名：亿滋食品（北京）有限公司	厂址：北京市北京经济技术开发区东区经海三路148号	厂家联系方式：8008105536	配料表：详情见包装	储藏方法：置于阴凉干燥处	保质期：365 天	食品添加剂：详见包装	品牌: 奥利奥	系列: 97g
生产许可证编号：SC10844030704911	厂名：深圳市优乐星座食品有限公司	厂址：深圳市龙岗区宝龙街道新社区兰二路47号D栋501、203	厂家联系方式：0755-84586970	保质期：90 天	品牌: 珍妮星座	系列: 珍妮星座彩虹曲奇	口味: 双层大盒【顺丰包邮】	颜色分类: 彩虹曲奇640g【热卖推荐】	产地: 中国大陆
生产许可证编号：SC11344190005110	厂名：东莞亿智食品有限公司	厂址：东莞市东坑镇凤大工业区1号	厂家联系方式：0085224901023	配料表：详见包装	储藏方法：存放阴凉干燥处避免阳光直射	保质期：365 天	食品添加剂：详见包装	品牌: 小猪佩奇	系列: 饼干
生产许可证编号：SC10844078300039	厂名：广东嘉士利食品集团有限公司	厂址：广东省江门市开平市长沙港口路18号	厂家联系方式：4006333876	保质期：365 天	产品名称：嘉士利 果乐果香夹心饼干礼...	品牌: 嘉士利	系列: 果乐果香夹心饼干礼盒装680g	热销系列: 组合系列	口味: 礼盒装：蓝莓味680克【40小包80枚饼干】 礼盒装：草莓味680克【40小包80枚饼干】 礼盒装：香橙味680克【40小包80枚饼干】 混合口味500克X1袋(散装) 蓝莓味680克*2盒 草莓味680克*2盒 香橙味680克*2盒 蓝莓味1盒+草莓味1盒 蓝莓味1盒+香橙味1盒 香橙味1盒+草莓味1盒 混合口味500克X2袋(散装)
生产许可证编号：SC10831011200143	厂名：上海江崎格力高食品有限公司闵行第一分公司	厂址：上海市闵行区江川路街道中屏路8号	厂家联系方式：02163260088	保质期：365 天	品牌: glico/格力高	系列: 百奇草莓味	口味: 草莓味55g*2盒（顺丰包邮） 草莓味55g*3盒（顺丰包邮） 草莓味55g*5盒（顺丰包邮） 草莓味55g*6盒（顺丰包邮）	产地: 中国大陆	省份: 上海
生产许可证编号：SC12412011600165	产品标准号：GB7100	厂名：天津顶园食品有限公司	厂址：天津经济技术开发区洞庭路161号	厂家联系方式：400-651-0022	配料表：小麦粉、精炼植物油、食用葡萄糖、白砂糖、全职乳粉、麦芽糊精、淀粉、鲜酵母（1%）、食用盐	储藏方法：常温贮存，避免放于日晒，高温或潮湿的地方	保质期：365 天	品牌: 康师傅	系列: 3+2夹心饼干
生产许可证编号：SC10842900400025	厂名：武汉真巧食品有限公司	厂址：湖北省仙桃市瑞阳大道38号	厂家联系方式：07288234888	保质期：365 天	品牌: 真巧	系列: 果然美味果酱夹心饼干	口味: 草莓味500g（约30包/60枚） 蓝莓味500g（约30包/60枚） 凤梨味500g（约30包/60枚） 混合口味500g（约30包/60枚）	产地: 中国大陆	省份: 湖北省
生产许可证编号：SC10832057100331	厂名：亿滋食品(苏州)有限公司湖西分公司	厂址：江苏省苏州工业园区白榆路51号	厂家联系方式：8008105536	保质期：365 天	品牌: 王子	系列: 王子-夹心饼干130g*3袋优惠组合装	口味: 巧克力味*3条 草莓味*3条 牛奶味*3条 混拼*3条【可备注口味要求】 巧克力味*6条 草莓味*6条 牛奶味*6条 草莓味*3条+巧克力味*3条 草莓味*3条+牛奶味*3条 巧克力味*3条+牛奶味*3条 混拼*6条【可备注口味要求】 巧克力味*10条 草莓味*10条 牛奶味*10条 草莓味*5条+巧克力味*5条 草莓味*5条+牛奶味*5条 巧克力味*5条+牛奶味*5条 混拼*10条【可备注口味要求】	产地: 中国大陆	省份: 江苏省
厂名：Pororo/啵乐乐	厂址：韩国	厂家联系方式：详见包装	配料表：小麦粉、玉米淀粉、白砂糖等	储藏方法：常温避光处贮存	保质期：365 天	食品添加剂：详见包装	品牌: Pororo/啵乐乐	系列: 冰淇淋饼干	热销系列: 组合系列
生产许可证编号：SC10831011600788	厂名：上海麦宝食品有限公司	厂址：上海市金山区亭卫公路1428号	厂家联系方式：8008105536	保质期：365 天	品牌: 奥利奥	系列: 夹心饼干	口味: 【5盒】随机5口味各1盒（可联系客服自选口味） 【6盒】生日蛋糕味97g*6盒 【6盒】樱花草莓味97g*6盒（春季限定） 【6盒】生日蛋糕味*3+白桃乌龙味*3 【6盒】冰淇淋夹心香草味3盒+白桃乌龙3盒 【6盒】白桃乌龙味97g*6盒 【6盒】双果味夹心饼干（水晶葡萄味+水蜜桃味）97g*6盒 【6盒】冰淇淋夹心香草味97g*6盒 【6盒】冰淇淋夹心抹茶味97g*6盒 【6盒】生日蛋糕味2盒+白桃乌龙味2盒+双果味夹心2盒 【6盒】冰淇淋夹心抹茶3盒+冰淇淋夹心香草3盒 【10盒】5口味随机10盒组合（可联系客服自选口味） 【10盒 】生日蛋糕*4+白桃乌龙*3+冰淇淋香草*3 【10盒 】白桃乌龙*4+冰淇淋香草*3+冰淇淋抹茶*3 【10盒】双果夹心4盒+生日蛋糕3盒+白桃乌龙3盒	产地: 中国大陆	省份: 上海
厂名：吉波里控股株式会社	厂址：日本神奈川县汤河原市土肥1-15-4/ 日本山梨县甲府市下曾根町3402-3山梨县食品工业团地	厂家联系方式：+81-465-63-5031	配料表：小麦粉、乳糖、鸡蛋等请详见产品背面中文标签纸	储藏方法：避光常温	保质期：270 天	食品添加剂：请详见产品背面中文标签纸	品牌: 红帽子	系列: Kukkia夹心饼干盒装	热销系列: 组合系列
生产许可证编号：SC10833052200396	产品标准号：GB/T20977	厂名：波路梦（长兴）食品有限公司	厂址：浙江省湖州市长兴县太湖街道荣乐路158号	厂家联系方式：见包装	配料表：见包装	储藏方法：置于阴凉干燥处，避免阳光直射	保质期：365 天	食品添加剂：见包装	品牌: Bourbon/波路梦
生产许可证编号：SC11744522205474	产品标准号：GB/T20980	厂名：广东茂林食品有限公司	厂址：广东省揭阳市凤江镇凤西工业区	厂家联系方式：0663-5353911	配料表：小麦粉，食用植物油，白砂糖，人造奶油，食用葡萄糖，起酥油，食用玉米淀粉，食用盐，食用香精香料	储藏方法：恒温储藏	保质期：300 天	食品添加剂：碳酸氢铵，碳酸氢钠，叶绿素铜钠盐	品牌: 卡地
生产许可证编号：SC10811310111839	厂名：亿滋食品（北京）有限公司	厂址：北京市北京经济技术开发区东区经海三路148号	厂家联系方式：4008185536	保质期：365 天	食品添加剂：亿滋食品（北京）有限公司	品牌: 奥利奥	系列: （临）奥利奥饼干116g	热销系列: 组合系列	口味: 9月底到期奥利奥巧克棒提拉米苏味64g 9月底到期巧克力64g*4+乐事栗子60g*5 9月底到期巧克力64g*4+乐事栗子116g*3 9月底到期巧克力64g*4+乐事栗子90g*3罐 【50份18.71 季节限定】栗子60g*5 【限100份16.91元】清甜味466g 【限29.9元】清甜味466g*2 【16.9元】9月底桂格蓝莓味420g 【15.91元】9月下旬闲趣原味900g 【15元】王子夹心草莓120*4袋 闲趣混合两口味60g五袋+【送同款60g一袋】 【钜惠】香辣小龙虾味60g*5+【送同款60g一袋】 【钜惠】香烤土豆片味60g*5+【送同款60g一袋】 【尝鲜装 不推荐】香辣小龙虾味60g*1 【尝鲜装 不推荐】香烤土豆片味60g*1 【限10份15.9元】生日蛋糕388g 【限27.8元】生日蛋糕388g*2
生产许可证编号: SC10835068103767	产品标准号: GB/T20980	厂名: 龙海市祥盖好食品有限公司	厂址: 龙海市海澄镇海口路11-1号	厂家联系方式: 0596-6757866	配料表: 小麦粉 白砂糖 棕榈油 食用盐等	储藏方法: 于阴凉、干燥处储存	保质期: 300	食品添加剂: 见包装	品牌: 祥盖好
生产许可证编号: SC12435068103775	厂名: 龙海市钱哆旺食品有限公司	厂址: 龙海市海澄镇西小区工业区	厂家联系方式: 13806079059	配料表: 见包装	储藏方法: 见包装	保质期: 240	食品添加剂: 见包装	品牌: other/其他	系列: 法式煎饼
生产许可证编号: SC10832057100331	产品标准号: GB/T 20980	厂名: 亿滋食品(苏州)有限公司湖西分公司	厂址: 江苏省苏州工业园区白榆路51号	厂家联系方式: 8008105536	配料表: 详见包装	储藏方法: 请置于干燥凉爽处，避免阳光直射。	保质期: 365	食品添加剂: 详见包装	品牌: 奥利奥
生产许可证编号: SC10844078300039	产品标准号: GB/T 20980	厂名: 广东嘉士利食品集团有限公司	厂址: 广东省江门市开平市长沙港口路18号	厂家联系方式: 400-633-3876	配料表: 见包装	储藏方法: 见包装	保质期: 365	食品添加剂: 见包装	品牌: 嘉士利
生产许可证编号: SC10651068100124	产品标准号: GB/T20980	厂名: 四川逗嘴食品有限公司	厂址: 广汉市经济开发区海口路南一段	厂家联系方式: 02367754164	配料表: 小麦粉、植物油、白砂糖、食用盐、起酥油等	储藏方法: 阴凉干燥处保存	保质期: 180	食品添加剂: 碳酸氢铵、碳酸氢钠、焦亚硫酸钠、食用香精等	品牌: 逗嘴
生产许可证编号: SC10835068100864	产品标准号: GB/T 20980	厂名: 龙海市鸿福伟业食品有限公司	厂址: 龙海市海澄镇大众北路30号	厂家联系方式: 18159573055	配料表: 小麦粉.食用油.葡萄糖.白砂糖.起酥油.食用盐，等	储藏方法: 于干燥阴凉处贮存	保质期: 270	食品添加剂: 见包装	品牌: 佬食仁
厂名: 马来西亚mico mini	厂址: 马来西亚mico mini	厂家联系方式: 0010	配料表: 见包装	储藏方法: 见包装	保质期: 730	食品添加剂: 见包装	品牌: MICO/美诺	系列: 马来西亚mico mini小饼干	口味: 奶油味【376g*3包】 草莓味【376g*3包】 柠檬味【376g*3包】 混合【376g*3包】可备注 混合【376g*3包】随机 巧克力味【376g*3包】
生产许可证编号: SC10811310111839	厂名: 亿滋食品（北京）有限公司	厂址: 北京市北京经济技术开发区东区经海三路148号	厂家联系方式: 4008185536	配料表: 详见包装	储藏方法: 常温	保质期: 365	食品添加剂: 详见包装	品牌: 亿滋	系列: 奥利奥夹心
生产许可证编号: SC10832057100331	厂名: 亿滋食品(苏州)有限公司湖西分公司	厂址: 江苏省苏州工业园区白榆路51号	厂家联系方式: 4008185536	配料表: 详见包装	储藏方法: 详见包装	保质期: 360	食品添加剂: 详见包装	品牌: 奥利奥	系列: 原味
生产许可证编号: SC10844011600425	产品标准号: GB 7100	厂名: 广州必旺食品有限公司	厂址: 广州经济技术开发区永和经济区新元路3号6栋	厂家联系方式: 4008211151	配料表: 详见包装	储藏方法: 至于阴凉干燥处避免阳光直射。	保质期: 270	食品添加剂: 详见包装	品牌: 旺旺
生产许可证编号: SC10811310111839	厂名: 亿滋食品（北京）有限公司	厂址: 北京市北京经济技术开发区东区经海三路148号	厂家联系方式: 8008105536	配料表: 请参照包装说明	储藏方法: 置于阴凉干燥处	保质期: 365	食品添加剂: 请参照包装说明	品牌: 奥利奥	系列: 奥利奥夹心饼干97g*24盒
生产许可证编号: SC10851018400417	产品标准号: GB/T20980	厂名: 四川省丰超亿食品有限公司	厂址: 四川省成都市崇州市桤泉镇灵宝西街16号	厂家联系方式: 18224406343	配料表: 白砂糖、面粉、植物油等	储藏方法: 阴凉干燥处	保质期: 300	食品添加剂: 氨基酸、柠檬酸等	品牌: other/其他
厂名: 日本京都	厂址: 日本京都	厂家联系方式: 000000	配料表: 牛奶	储藏方法: 28度保存避免阳光直射	保质期: 365	食品添加剂: 否	品牌: other/其他	系列: 饼干	口味: 5枚入(原味） 9枚入（原味） 15枚入(原味） 品尝期短7天，收到后只有2-3天左
厂名: 北海道	厂址: 北海道	厂家联系方式: 12456852	配料表: 对乳，蛋，小麦，大豆，小麦，大豆，大豆，鸡蛋，小麦，大豆，鸡蛋	储藏方法: 常温	保质期: 360	食品添加剂: 见包装	品牌: other/其他	系列: 海盐饼干	热销系列: 其它
生产许可证编号: SC10851010900100	厂名: 成都新成食品工业有限公司	厂址: 四川省成都高新区新园大道1号	厂家联系方式: -	配料表: 见包装	储藏方法: 阴凉干燥处避免阳光直射	保质期: 365	食品添加剂: 见包装	品牌: 康元	系列: 雪克夹心饼干
厂名: 见商品包装	厂址: 见商品包装	厂家联系方式: 见商品包装	配料表: 见商品包装	储藏方法: 见商品包装	保质期: 240	食品添加剂: 见商品包装	品牌: RITZ	系列: 见商品包装	口味: 5小袋试吃（42g*5） 10小袋试吃（42g*10） 整箱30小袋（1.26kg） 特价整箱
生产许可证编号: SC10844522200049	厂名: 广东鹏佳食品有限公司	厂址: 揭西县五经富镇建一村龙颈电厂房	保质期: 180	品牌: Three Squirrels/三只松鼠	系列: 饼干	口味: 草莓味100包左右 草莓味150包左右 柠檬味100包左右 柠檬味150包左右 酸奶味100包左右 酸奶味150包左右 混合味100包左右 混合味150包左右	产地: 中国大陆	省份: 福建省	包装方式: 袋装
生产许可证编号: SC10832057100331	厂名: 亿滋食品(苏州)有限公司湖西分公司	厂址: 江苏省苏州工业园区白榆路51号	厂家联系方式: 8008105536	配料表: 见包装	储藏方法: 阴凉处	保质期: 365	食品添加剂: 见包装	品牌: 奥利奥	系列: 夹心饼干
生产许可证编号: SC10833052200396	产品标准号: GB/T 20980	厂名: 波路梦（长兴）食品有限公司	厂址: 浙江省湖州市长兴县太湖街道荣乐路158号	厂家联系方式: 021-62563917	配料表: 见包装	储藏方法: 阴凉干燥处存放避免阳光直射	保质期: 360	食品添加剂: 见包装	品牌: Bourbon/波路梦
厂名: 乐之	厂址: 加拿大	厂家联系方式: 1800	配料表: 饼干	储藏方法: 阴凉处储存	保质期: 365	食品添加剂: 无	品牌: RITZ	系列: 三明治饼干878g	热销系列: 组合系列
厂名: 上海花园饭店	厂址: 茂名南路58号	厂家联系方式: 021 - 64151111	配料表: 见包装	储藏方法: 冷藏	保质期: 7	食品添加剂: 见包装	品牌: other/其他	系列: 花园饼干	热销系列: 其它
生产许可证编号: SC10651068100124	产品标准号: GB/T20980	厂名: 四川逗嘴食品有限公司	厂址: 广汉市经济开发区海口路南一段	厂家联系方式: 02367754164	配料表: 详情见外包装	储藏方法: 阴凉干燥处保存	保质期: 180	食品添加剂: 详情见外包装	品牌: 逗嘴
厂名: NEW TIANLE ASIA CORPORATION	厂址: 菲律宾马尼拉大都会瓦伦苏埃拉市	厂家联系方式: 962-8822	配料表: 详见包装	储藏方法: 置于阴凉干燥处，避免阳光直射及高温	保质期: 365	食品添加剂: 详见包装	品牌: COCO FALL IN LOVE WITH	系列: 夹心饼干	口味: 整箱综合口味376g*12包 整箱草莓味376g*12包 整箱柠檬味376g*12包 整箱奶油味376g*12包
生产许可证编号: SC10851011300244	厂名: 成都溢口香食品有限公司	厂址: 成都市青白江区祥福镇红瓦店社区一组166号	厂家联系方式: 028-83608477	配料表: 小麦面粉、白砂糖、食用植物油	储藏方法: 阴凉干燥处保存	保质期: 180	食品添加剂: 食用碳酸氢铵、碳酸氢钠、柠檬酸、焦亚硫酸钠、食用香精	品牌: 喜多	系列: 夹心饼干
生产许可证编号: SC10812011100372	产品标准号: GB/T 20980	厂名: 天津康美林食品有限公司	厂址: 天津市西青经济开发区惠友道六号	厂家联系方式: 022-83960663	配料表: 见包装	储藏方法: 请置于阴凉干燥处，避免阳光直射	保质期: 365	食品添加剂: 见包装	品牌: 康元
生产许可证编号: SC10811310111839	产品标准号: GB/T20980	厂名: 亿滋食品（北京）有限公司	厂址: 北京市北京经济技术开发区东区经海三路148号	厂家联系方式: 8008105536	配料表: 见包装	储藏方法: 见包装	保质期: 270	食品添加剂: 见包装	品牌: 奥利奥
生产许可证编号: SC12412011600165	厂名: 天津顶园食品有限公司	厂址: 天津经济技术开发区洞庭路161号	厂家联系方式: 4006510022	配料表: 见包装	储藏方法: 请置于阴凉干燥处	保质期: 365	食品添加剂: 见包装	品牌: 康师傅	系列: 咸酥夹心
生产许可证编号: SC10333019904036	产品标准号: GB/T 20980	厂名: 杭州顶益食品有限公司	厂址: 杭州经济技术开发区银海街555号	厂家联系方式: 4006510022	配料表: 小麦粉、精炼油脂（部分氢	储藏方法: 阴凉干燥处	保质期: 365	食品添加剂: 膨松剂、食用盐、大豆磷	品牌: 康师傅
生产许可证编号: SC10835068103767	产品标准号: GB/T20980	厂名: 龙海市祥盖好食品有限公司	厂址: 龙海市海澄镇海口路11-1号	厂家联系方式: 0596-6757866	配料表: 小麦粉、白砂糖、食用棕榈油、葡萄糖、起酥油、食用盐等	储藏方法: 避免存放在日晒 高温或潮湿的地方，开封后请立即食用	保质期: 300	食品添加剂: 食用香料	品牌: 妍致
生产许可证编号: SC10835068100864	厂名: 龙海市鸿福伟业食品有限公司	厂址: 龙海市海澄镇大众北路	厂家联系方式: 18159573055	配料表: 小麦粉.食用油.葡萄糖.白砂糖.可可粉,起酥油.食用盐	储藏方法: 于阴凉干燥处贮存，防止靠近高温	保质期: 270	食品添加剂: 见包装	包装方式: 散装	是否为有机食品: 否
厂名: 三立u果株式会社	厂址: 日本滨松市	厂家联系方式: 430-8686	配料表: 见外包装	储藏方法: 常温保存	保质期: 240	食品添加剂: 见外包装	品牌: 三立（日本）	系列: 夹心饼干	口味: 三立饼干随便2盒或者备注 三立饼干随便3盒或者备注 三立抹茶味3盒 三立巧克力3盒 三立白巧克力3盒 三立干酪味3盒 三立抹茶味1盒 三立巧克力1盒 三立白巧克力1盒 三立干酪味1盒
生产许可证编号: SC10851010900100	厂名: 成都新成食品工业有限公司	厂址: 四川省成都高新区新园大道1号	厂家联系方式: 028-85177206	配料表: 小麦粉，白砂糖，起酥油，葡萄糖，棕榈油	储藏方法: 置放于阴凉干燥处	保质期: 365	食品添加剂: 见包装	品牌: 康元	系列: 600g雪克夹心
生产许可证编号: SC10832057100331	产品标准号: GB/T 20980	厂名: 亿滋食品(苏州)有限公司湖西分公司	厂址: 江苏省苏州工业园区白榆路51号	厂家联系方式: 8008105536	配料表: 见包装	储藏方法: 阴凉干燥处保存	保质期: 365	食品添加剂: 见包装	品牌: 奥利奥
厂名: 日本	厂址: 日本	厂家联系方式: 123456	配料表: 见包装	储藏方法: 常温	保质期: 90	食品添加剂: 见包装	品牌: other/其他	系列: 11	口味: 8枚
生产许可证编号: SC11244512103784	产品标准号: 见包装	厂名: 广东三阳食品有限公司	厂址: 潮州市潮安区安南路北侧(开濠工业区)	厂家联系方式: 见包装	配料表: 见包装	储藏方法: 见包装	保质期: 365	食品添加剂: 见包装	品牌: 金芙
生产许可证编号: SC11344190005110	产品标准号: GB/T 20980	厂名: 东莞亿智食品有限公司	厂址: 东莞市东坑镇凤大工业区1号	厂家联系方式: 4006120918	配料表: 见包装	储藏方法: 密封，置于阴凉干燥处，防潮防挤压	保质期: 365	食品添加剂: 见包装	品牌: 亿智
生产许可证编号: SC10844078300039	产品标准号: GB/T 20980	厂名: 广东嘉士利食品集团有限公司	厂址: 广东省江门市开平市长沙港口路18号	厂家联系方式: 4006333876	配料表: 甘油、碳酸氢铵、柠檬酸、果胶、焦严硫酸钠、淀粉、食用盐、食品加工等	储藏方法: 请置于阴凉干燥处	保质期: 365	食品添加剂: 小麦粉、植物油、白砂糖、果葡萄浆，食品添加剂等	品牌: 嘉士利
生产许可证编号: SC10844190002433	产品标准号: GB/T20980	厂名: 广东金富士生物科技食品有限公司	厂址: 东莞市东城区上桥工业区桥石路10号	厂家联系方式: 0769-22621998-8	配料表: 小麦粉 白砂糖 棕榈油 草莓干	储藏方法: 阴凉干燥处	保质期: 365	食品添加剂: 见包装	品牌: GOLDEN FUJI/金富士
生产许可证编号: SC10831011201332	产品标准号: GB/T20980	厂名: 上海江崎格力高食品有限公司闵行第二分公司	厂址: 上海市闵行区江川路街道绿春路280号	厂家联系方式: 021-63260088	配料表: 小麦粉、白砂糖、可可液块、精炼植物油、液体卖精（水、大麦、麦芽）、食用油、酵母、食用香精香料等	储藏方法: 小麦粉、白砂糖、可可液块、食用氢化油、乳糖、全脂奶	保质期: 365	食品添加剂: 碳酸氢铵 碳酸氢钠	品牌: Pocky/百奇
生产许可证编号: SC11344190005110	厂名: 东莞亿智食品有限公司	厂址: 东莞市东坑镇凤大工业区1号	厂家联系方式: 4006-120-918	配料表: 见包装	储藏方法: 阴凉干燥处存放	保质期: 365	食品添加剂: 见包装	品牌: 小猪佩奇	系列: 散装注心饼干
生产许可证编号: SC10851011300244	厂名: 成都溢口香食品有限公司	厂址: 成都市青白江区祥福镇红瓦店社区一组166号	厂家联系方式: 028-83608477	配料表: 见包装	储藏方法: 阴凉通风干燥处	保质期: 180	食品添加剂: 见配料表	品牌: 喜多	系列: 饼干系列
厂名: 东京车站	厂址: 日本	厂家联系方式: 000000	配料表: 见包装	储藏方法: 常温	保质期: 180	食品添加剂: 无	品牌: other/其他	系列: 爆浆饼干	口味: 5枚礼盒 9枚 15枚
生产许可证编号: SC10851011200161	厂名: 成都市吉香僖食品有限公司	厂址: 四川省成都市龙泉驿区黄土镇三村村六组106号	厂家联系方式: 028-84897989	配料表: 小麦粉、白砂糖、精炼植物油、玉米淀粉、葡萄糖、起酥油、黄油、鸡蛋、食用盐	储藏方法: 请置于阴凉、干燥、通风处	保质期: 240	食品添加剂: 见包装	品牌: 吉百利	系列: 法式煎饼
生产许可证编号: SC11836092300059	产品标准号: 无	厂名: 江西旺旺食品有限公司	厂址: 江西省宜春市上高县工业园区旺旺路一号	厂家联系方式: 02163260088	配料表: 见包装	储藏方法: 阴凉干燥处	保质期: 270	食品添加剂: 见包装	品牌: 旺旺
厂名: 江崎固力果株式会社	厂址: 日本	厂家联系方式: 0120-917-111	配料表: 小麦粉，白砂糖，麦芽糖，食用盐等	储藏方法: 阴凉处存放	保质期: 360	食品添加剂: 见包装	品牌: glico/格力高	系列: 注心饼干	口味: 【蓝色袋装】原味192g 【蓝色盒装】原味81g 【粉色盒装】草莓味81g
生产许可证编号: SC10851010900100	厂名: 成都新成食品工业有限公司	厂址: 四川省成都高新区新园大道1号	厂家联系方式: 021246825254	配料表: 面粉 白砂糖 提子干	储藏方法: 阴凉干燥	保质期: 365	食品添加剂: 无	品牌: 康元	系列: 康元 提子饼干200g
生产许可证编号: SC10851011300244	产品标准号: 见包装	厂名: 成都溢口香食品有限公司	厂址: 成都市青白江区祥福镇红瓦店社区一组166号	厂家联系方式: 028-83608477	配料表: 见包装	储藏方法: 阴凉通风干燥处	保质期: 180	食品添加剂: 见配料表	品牌: 喜多
生产许可证编号: SC11234018105871	厂名: 巢湖市俊龙食品有限公司	厂址: 安徽省巢湖市居巢区槐林镇海如街道28号	厂家联系方式: 0120-923-301	配料表: 见外包装	储藏方法: 见外包装	保质期: 365	食品添加剂: 见外包装	品牌: 杜尔	系列: 杜尔爆浆曲奇小丸子
生产许可证编号: SC10835068105877	厂名: 龙海市宝嘉达食品有限公司	厂址: 龙海市海澄镇豆巷村五社328号	厂家联系方式: 05962100107	配料表: 见包装	储藏方法: 请置于阴凉干燥处避免阳光直射	保质期: 270	食品添加剂: 见包装	品牌: COUTURE	系列: 饼干
厂名: 固力果	厂址: 日本	厂家联系方式: 012345678	配料表: 请见包装	储藏方法: 常温	保质期: 365	食品添加剂: 无	品牌: glico/格力高	系列: 百力滋	口味: 混合口味（蓝色包装） 樱花+草莓 草莓味
生产许可证编号: SC12412011600165	厂名: 天津顶园食品有限公司	厂址: 天津经济技术开发区洞庭路161号	厂家联系方式: 见包装	配料表: 见包装	储藏方法: 见包装	保质期: 365	食品添加剂: 见包装	品牌: 康师傅	系列: 3+2甜酥夹心饼干
生产许可证编号: SC10811310111839	厂名: 亿滋食品（北京）有限公司	厂址: 北京市北京经济技术开发区东区经海三路148号	厂家联系方式: 8008105536	配料表: 小麦粉 白砂糖 食用油等	储藏方法: 常温	保质期: 365	食品添加剂: 有	品牌: 亿滋	系列: 116
生产许可证编号: SC10831011201332	厂名: 上海江崎格力高食品有限公司闵行第二分公司	厂址: 上海市闵行区江川路街道绿春路280号	厂家联系方式: 021--63260088	配料表: 小麦粉 白砂糖 食用氢化油	储藏方法: 阴凉冷藏	保质期: 365	食品添加剂: 碳酸钙、甜菜红、碳酸氢	品牌: glico/格力高	系列: 百奇60克
生产许可证编号: SC10832057100331	产品标准号: 见包装	厂名: 亿滋食品(苏州)有限公司湖西分公司	厂址: 江苏省苏州工业园区白榆路51号	厂家联系方式: 800 810 5536	配料表: 见包装	储藏方法: 见包装	保质期: 270	食品添加剂: 见包装	品牌: 奥利奥
生产许可证编号: SC10811310111839	厂名: 亿滋食品（北京）有限公司	厂址: 北京市北京经济技术开发区东区经海三路148号	厂家联系方式: 8008105536	配料表: 详情见包装	储藏方法: 常温阴凉干燥处	保质期: 270	食品添加剂: 详情见包装	品牌: 奥利奥	系列: 巧轻脆95克
生产许可证编号: SC12444051110346	产品标准号: GB/T 20977	厂名: 汕头市煌记食品有限公司	厂址: 汕头市金平区玫瑰园厂房G座7层东	厂家联系方式: 15659837538	配料表: 详见包装	储藏方法: 存放于阴凉干燥处，避免阳光直射及高温	保质期: 300	食品添加剂: 详见包装	品牌: 午喵
厂名: NEW TIANLE ASIA CORPORATION	厂址: 菲律宾马尼拉大都会瓦伦苏埃拉市	厂家联系方式: 962-8822	配料表: 详见包装	储藏方法: 置于阴凉干燥处，避免阳光直射及高温	保质期: 365	食品添加剂: 详见包装	品牌: COCO FALL IN LOVE WITH	系列: 马卡龙夹心饼干	口味: 草莓味376g*1包（约60个） 奶油味376g*1包（约60个） 柠檬味376g*1包（约60个） 综合口味376g*1包（约60个）
生产许可证编号: SC10842900400025	产品标准号: GB/T20980	厂名: 武汉真巧食品有限公司	厂址: 湖北省仙桃市瑞阳大道38号	储藏方法: 常温储存	保质期: 365	品牌: 真巧	系列: 真巧酱心曲奇120克	口味: 真巧巧克力味120g*5袋 真巧巧克力味120g*10袋 真巧巧克力味120g*15袋 真巧草莓味120g*5袋 真巧草莓味120g*10袋 真巧草莓味120g*15袋 真巧牛奶味120g*5袋 真巧牛奶味120g*10袋 真巧牛奶味120g*15袋 混合口味搭配（告知客服）5袋 混合口味搭配（告知客服）10袋 混合口味搭配（告知客服）15袋	产地: 中国大陆
生产许可证编号: SC10435068108888	产品标准号: GB/T 20980	厂名: 童城（福建）营养食品有限公司	厂址: 龙海市海澄食品工业区	厂家联系方式: 0596-6748888	配料表: 见包装	储藏方法: 请置于阴凉、干燥处，密封保存	保质期: 365	食品添加剂: 见包装	品牌: 阿童伯
厂名: 三立	厂址: 日本	厂家联系方式: 053 453 3181	配料表: 见外包装	储藏方法: 见外包装	保质期: 365	食品添加剂: 见外包装	品牌: SANLEA/三立	系列: 抹茶味饼干	热销系列: 组合系列
生产许可证编号: SC10832057100331	厂名: 亿滋食品(苏州)有限公司湖西分公司	厂址: 江苏省苏州工业园区白榆路51号	厂家联系方式: 86-0512-6255588	配料表: 小麦粉白砂塘食用植物油食用葡萄糖绿茶粉	储藏方法: 常温	保质期: 365	食品添加剂: 碳酸氢钠大豆磷脂	品牌: 奥利奥	系列: 粉色奥利奥粉红色春季限定樱花系列
厂名: 乐之	厂址: 加拿大	厂家联系方式: 1800	配料表: 饼干	储藏方法: 阴凉处储存	保质期: 365	食品添加剂: 无	品牌: RITZ	系列: 三明治饼干878g	热销系列: 组合系列
生产许可证编号: SC10811310111839	厂名: 亿滋食品（北京）有限公司	厂址: 北京市北京经济技术开发区东区经海三路148号	厂家联系方式: 4008185536	配料表: 小麦粉，白砂糖，食用植物油，淀粉等	储藏方法: 阴凉干燥处，避免阳光直射	保质期: 12	食品添加剂: 详见包装	品牌: 奥利奥	系列: 奥利奥粉色樱花味春季限定款
生产许可证编号: SC10742100200011	厂名: 荆州市德力兴食品有限公司	厂址: 湖北省荆州市沙市区岑河镇针织工业园	厂家联系方式: 13715856539	配料表: 小麦粉、食用植物油、白砂糖、奶油、葡萄糖、起酥油、鸡蛋、玉米淀粉、食用盐、	储藏方法: 见外包装	保质期: 300	食品添加剂: 详见包装标签	品牌: 良品铺子	系列: 马卡龙夹心饼干
生产许可证编号: SC10851010900100	厂名: 成都新成食品工业有限公司	厂址: 四川省成都高新区新园大道1号	厂家联系方式: 000000000	配料表: 小麦粉，白砂糖，棕榈油，起酥油，全脂乳粉等	储藏方法: 阴凉干燥处避免阳光直射	保质期: 360	食品添加剂: 详见包装	品牌: 康元	系列: 康元系列饼干
生产许可证编号: SC12412011600165	厂名: 天津顶园食品有限公司	厂址: 天津经济技术开发区洞庭路161号	厂家联系方式: 4006185588	配料表: 见包装	储藏方法: 阴凉干燥	保质期: 365	食品添加剂: 见包装	品牌: 康师傅	系列: 3+2
生产许可证编号: SC10851010900100	厂名: 成都新成食品工业有限公司	厂址: 四川省成都高新区新园大道1号	厂家联系方式: 15800295123	配料表: 见外包装	储藏方法: 阴凉干燥处	保质期: 365	食品添加剂: 见外包装	品牌: 康元	系列: 雪克夹心饼干
生产许可证编号: SC10851010900100	产品标准号: GB/T20980	厂名: 成都新成食品工业有限公司	厂址: 四川省成都高新区新园大道1号	厂家联系方式: 028-85177206	配料表: 详情见包装	储藏方法: 存于清凉干燥处	保质期: 365	食品添加剂: 详情见包装	品牌: 康元
生产许可证编号: SC10635052100422	产品标准号: GB/T20980	厂名: 达利食品集团有限公司	厂址: 惠安县紫山镇林口	厂家联系方式: 0595-87335077	配料表: 小麦粉、起酥油、白砂糖等	储藏方法: 阴凉干燥处，避免阳光直射	保质期: 300	食品添加剂: 详见包装	品牌: 好吃点
生产许可证编号: SC10851011300244	产品标准号: GB/T20980	厂名: 四川逗嘴食品有限公司	厂址: 广汉市经济开发区海口路南一段	厂家联系方式: 02362331176	配料表: 小麦粉、白砂糖、食用植物油等	储藏方法: 请置于洁净、阴凉、干燥通风处	保质期: 180	食品添加剂: 碳酸氢铵、碳酸氢钠、柠檬酸、焦亚硫酸钠、食用香精等	品牌: 喜多
生产许可证编号: SC10844078300039	产品标准号: GB 17400	厂名: 广东嘉士利食品集团有限公司	厂址: 广东省江门市开平市长沙港口路18号	厂家联系方式: 4006565095	配料表: 小麦粉、植物油、淀粉、醋酸酯淀粉、食用盐、碳酸甲、蔬菜风味酱	储藏方法: 宜放置干爽阴凉处，避免高温阳光直射	保质期: 365	食品添加剂: 麦芽糖、山梨糖醇液、单、丙二醇等	品牌: 嘉士利
生产许可证编号: SC10844078300039	产品标准号: GB/T20980	厂名: 广东嘉士利食品集团有限公司	厂址: 广东省江门市开平市长沙港口路18号	厂家联系方式: 400 633 3876	配料表: 详细见包装	储藏方法: 常温	保质期: 365	食品添加剂: 详细见包装	品牌: 嘉士利
生产许可证编号: SC10831011201332	产品标准号: GB/T 20980	厂名: 上海江崎格力高食品有限公司闵行第二分公司	厂址: 上海市闵行区江川路街道绿春路280号	厂家联系方式: 021-63260088	配料表: 小麦粉、白砂糖、可可液块、精炼植物油、液体卖精（水、大麦、麦芽）、食用油、酵母、食用香精香料等	储藏方法: 请避免日光直射，并请在27℃以下的凉爽场所，开封后请	保质期: 365	食品添加剂: 磷脂、磷酸、碳酸氢钠	品牌: glico/格力高
生产许可证编号: SC11744522205474	厂名: 广东茂林食品有限公司	厂址: 广东省揭阳市凤江镇凤西工业区	厂家联系方式: 07527773367	配料表: 小麦粉、食用植物油、白砂糖、人造奶油、食用葡萄糖、起酥油、食用玉米淀粉、食用盐、食口添加剂、食用香精香料	储藏方法: 请置于阴凉干燥处、避免阳光直射、高温、潮湿。	保质期: 300	食品添加剂: 食品添加剂	品牌: other/其他	系列: 心菡小宇
生产许可证编号: SC10835068100864	产品标准号: GB/T 20980	厂名: 龙海市鸿福伟业食品有限公司	厂址: 龙海市海澄镇大众北路30号	厂家联系方式: 18159573055	配料表: 小麦粉.食用油.葡萄糖.白砂糖.起酥油.食用盐	储藏方法: 于干燥阴凉处贮存	保质期: 270	食品添加剂: 见包装	品牌: 佬食仁
生产许可证编号: SC10844078300039	产品标准号: GB/T 20980	厂名: 广东嘉士利食品集团有限公司	厂址: 广东省江门市开平市长沙港口路18号	厂家联系方式: 4006333876	配料表: 详见包装	储藏方法: 常温保存	保质期: 365	食品添加剂: 详见包装	品牌: 嘉士利
厂名: 格务高	厂址: 日本	厂家联系方式: 4534-765	配料表: 见外包装	储藏方法: 见外包装	保质期: 365	食品添加剂: 见外包装	品牌: glico/格力高	系列: 乳酸营养夹心饼	热销系列: 组合系列
厂名: Ovaltine/阿华田	厂址: 泰国	厂家联系方式: +66	配料表: 见外包装	储藏方法: 见外包装	保质期: 365	食品添加剂: 见外包装	品牌: Ovaltine/阿华田	系列: 夹心饼干	产地: 泰国
生产许可证编号: SC10835068103638	产品标准号: SBT10021	厂名: 福建顺兴食品有限公司	厂址: 龙海市颜厝镇下宫村	厂家联系方式: 0539-2318688	配料表: 白砂糖，小麦粉	储藏方法: 放在阴凉处	保质期: 300	食品添加剂: 食用盐，奶油	品牌: other/其他
生产许可证编号: SC10851010900100	产品标准号: GB/T20980	厂名: 成都新成食品工业有限公司	厂址: 四川省成都高新区新园大道1号	厂家联系方式: 028-85177206	配料表: 小麦粉，白砂糖，起酥油，葡萄糖，棕榈油，全脂乳粉，食品添加剂	储藏方法: 常温存放	保质期: 365	食品添加剂: 见包装	品牌: 康元
厂名: 阿华田	厂址: 泰国	厂家联系方式: 74-2-05154-60009	配料表: 小麦粉，植物油，阿华田粉（麦芽提取物，白砂糖，奶粉，可可粉），碳酸氢钠，碳酸铵，二磷酸二钠，食用香料等	储藏方法: 避光常温保存	保质期: 365	食品添加剂: 见包装	品牌: Ovaltine/阿华田	系列: 巧克力夹心饼	口味: 阿华田巧克力饼干
生产许可证编号: SC10811310111839	厂名: 亿滋食品（北京）有限公司	厂址: 北京市北京经济技术开发区东区经海三路148号	厂家联系方式: 4008185536	配料表: 见包装	储藏方法: 见包装	保质期: 365	食品添加剂: 见包装	品牌: 奥利奥	系列: 夹心饼干樱花系列
生产许可证编号: SC12437021200306	厂名: 乐天（青岛）食品有限公司	厂址: 青岛高科技工业园株洲路149号	厂家联系方式: 053288703388	配料表: 代可可脂巧克力 小麦粉 鸡蛋 白砂糖 可可粉 等 详见包装	储藏方法: 阴凉 干燥 避光 详见包装	保质期: 450	食品添加剂: 详见包装	品牌: Lotte/乐天	系列: 小熊饼
生产许可证编号: SC10831011201332	产品标准号: GB/T20980	厂名: 上海江崎格力高食品有限公司闵行第二分公司	厂址: 上海市闵行区江川路街道绿春路280号	厂家联系方式: 021-63260088	配料表: 小麦粉、白砂糖、可可液块、食用氢化油、乳糖、全脂奶粉、起酥油、 精炼植物油、液体麦精（水、大麦、麦芽）、食用盐、酵母、食用香精香料等	储藏方法: 请避免日光直射，并请在27℃以下的凉爽场所保管。	保质期: 365	食品添加剂: 磷酸、碳酸氢钠	品牌: Pocky/百奇
厂名: 详见包装	厂址: 详见包装	厂家联系方式: 0120-937-303	配料表: 见外包装	储藏方法: 常温	保质期: 30	食品添加剂: 见外包装	品牌: other/其他	系列: 夹心饼干	口味: 奶油浓厚提子味3枚入 奶油夹心香酥3枚入 斯里兰卡锡兰红茶牛奶香酥
生产许可证编号: SC10844190002441	产品标准号: GB/T 20980	厂名: 东莞市鸿达食品有限公司	厂址: 东莞市石碣镇西南第二工业区	厂家联系方式: 076085228613	配料表: 详见外包装	储藏方法: 置于阴凉干燥处、避免阳光直射	保质期: 360	食品添加剂: 详见外包装	品牌: 全线侑品
生产许可证编号: SC10837132300957	厂名: 沂水县米老爹食品有限公司	厂址: 沂水县沂水镇薛家庄北30米	厂家联系方式: 详见包装	配料表: 详见包装	储藏方法: 常温储存	保质期: 300	食品添加剂: 详见包装	品牌: 良品铺子	系列: 夹心饼干
生产许可证编号: SC10835068100864	产品标准号: GB/T20980	厂名: 龙海市鸿福伟业食品有限公司	厂址: 龙海市海澄镇大众北路30号	厂家联系方式: 00000000000	配料表: 见包装	储藏方法: 见包装	保质期: 300	食品添加剂: 见包装	品牌: 新鸿福伟业
生产许可证编号: SC12431010100054	厂名: 上海市泰康食品有限公司食品厂	厂址: 上海市黄浦区金陵东路555号7楼	厂家联系方式: 13917726048	配料表: 见包装	储藏方法: 冷藏	保质期: 365	食品添加剂: 见包装	品牌: 红宝石	系列: 饼干
